Time,Country,Interest Rate,Output,Country Type,Output Trend,Change In Interest Rate,Output Growth,Log Output,Output Cycle
1980-01-01,Argentina,,,Emerging,,,,,
1980-04-01,Argentina,,,Emerging,,,,,
1980-07-01,Argentina,,208743770.49274048,Emerging,208743770.49274048,,,19.156618079299015,3.8878373041704606
1980-10-01,Argentina,,207914225.3451545,Emerging,207914225.3451545,,,19.152636174466046,3.7196543172175467
1981-01-01,Argentina,,204710097.70819062,Emerging,204710097.70819062,,,19.137105378717216,2.3941523403635756
1981-04-01,Argentina,,199876786.99494112,Emerging,199876786.99494112,,,19.113211669640982,0.2251744501911901
1981-07-01,Argentina,,196014193.6404619,Emerging,196014193.6404619,,-6.098182868993107,19.093697631105808,-1.5192719939282284
1981-10-01,Argentina,,192402263.33241162,Emerging,192402263.33241162,,-7.46075069514448,19.075098859808662,-3.192019083804709
1982-01-01,Argentina,,190257814.35785452,Emerging,190257814.35785452,,-7.059878096945416,19.063890628016843,-4.150981809218379
1982-04-01,Argentina,,190750016.21444237,Emerging,190750016.21444237,,-4.566198465422467,19.066474313132467,-3.759469634539059
1982-07-01,Argentina,,191936927.28261986,Emerging,191936927.28261986,,-2.080087304963607,19.072677372286527,-3.0355896876194777
1982-10-01,Argentina,,194350541.22715437,Emerging,194350541.22715437,,1.0126065364297387,19.085174000065187,-1.710425682272998
1983-01-01,Argentina,18.4052083333,197293360.8753735,Emerging,197293360.8753735,,3.697901471886933,19.100202320529934,-0.1567711412267414
1983-04-01,Argentina,17.6152083333,198813053.11641398,Emerging,198813053.11641398,,4.227017675797784,19.10787550957056,0.6411546116730449
1983-07-01,Argentina,23.1252083333,199201846.96193698,Emerging,199201846.96193698,,3.7850557379298877,19.10982917496906,0.851473423764304
1983-10-01,Argentina,22.681875,199968029.35764515,Emerging,199968029.35764515,,2.8903897540090373,19.11366805852265,1.2388198222733848
1984-01-01,Argentina,22.9085416667,201097153.5961101,Emerging,201097153.5961101,4.5033333334000005,1.9279882018631955,19.1192987004712,1.7974760078029561
1984-04-01,Argentina,26.0952083333,202322082.3154145,Emerging,202322082.3154145,8.48,1.7649893424984686,19.125371452460715,2.3953310591792842
1984-07-01,Argentina,23.395208333299998,202613297.52304548,Emerging,202613297.52304548,0.269999999999996,1.7125597042081386,19.126809781993455,2.5264622183481578
1984-10-01,Argentina,20.4285416667,199980955.35902825,Emerging,199980955.35902825,-2.2533333333000023,0.0064640339881405495,19.113732696773436,1.203003665521507
1985-01-01,Argentina,18.8952083333,195222159.24198723,Emerging,195222159.24198723,-4.0133333333999985,-2.9214706668212687,19.08964874620718,-1.2255352877282633
1985-04-01,Argentina,21.5452083333,190794116.68974912,Emerging,190794116.68974912,-4.550000000000001,-5.697828676799399,19.066705481543668,-3.546497022871975
1985-07-01,Argentina,20.651875,189236153.3465744,Emerging,189236153.3465744,-2.743333333299997,-6.60230317556011,19.058506281668876,-4.400875198126641
1985-10-01,Argentina,20.375208333299998,191137289.35392025,Emerging,191137289.35392025,-0.05333333340000124,-4.422254103762457,19.06850252023225,-3.442647434725643
1986-01-01,Argentina,20.0052083333,196125458.63275948,Emerging,196125458.63275948,1.1099999999999994,0.4627033090298882,19.09426510748642,-0.9110871465850323
1986-04-01,Argentina,18.541875,200971188.4453771,Emerging,200971188.4453771,-3.0033333332999987,5.334059525628332,19.11867211468126,1.4874000067489845
1986-07-01,Argentina,17.741875,203412175.098723,Emerging,203412175.098723,-2.91,7.491180464964375,19.13074489769648,2.6613062581816394
1986-10-01,Argentina,17.3685416667,205416719.11713362,Emerging,205416719.11713362,-3.0066666665999975,7.470771303433521,19.14055124998999,3.6228379734311034
1987-01-01,Argentina,18.4652083333,207180484.678408,Emerging,207180484.678408,-1.5399999999999991,5.636711379907489,19.149100877998812,4.476729499718246
1987-04-01,Argentina,17.0985416667,207799918.94076675,Emerging,207799918.94076675,-1.4433333333,3.39786540957121,19.152086246546393,4.793726749171512
1987-07-01,Argentina,20.2585416667,208910541.25568336,Emerging,208910541.25568336,2.516666666700001,2.7030663991925774,19.157416686027666,5.363464235131232
1987-10-01,Argentina,22.2652083333,209677484.004414,Emerging,209677484.004414,4.896666666599998,2.0742055006977234,19.161081117691552,5.780539477117941
1988-01-01,Argentina,23.6385416667,207422276.93957424,Emerging,207422276.93957424,5.173333333399999,0.11670609881118121,19.15026725850064,4.75607740087014
1988-04-01,Argentina,22.4752083333,204687287.11751473,Emerging,204687287.11751473,5.3766666665999985,-1.4978984780736448,19.136993943756735,3.480701928874552
1988-07-01,Argentina,22.641875,202847739.70499426,Emerging,202847739.70499426,2.3833333332999977,-2.9021041802141045,19.12796620486298,2.6106840453760327
1988-10-01,Argentina,24.7952083333,199448708.24325377,Emerging,199448708.24325377,2.530000000000001,-4.878337705036984,19.11106765970035,0.9179779436962576
1989-01-01,Argentina,29.1052083333,194537588.07069814,Emerging,194537588.07069814,5.466666666599998,-6.211815364764139,19.08613595721366,-1.6316907539870584
1989-04-01,Argentina,30.931874999999998,190866096.7758826,Emerging,190866096.7758826,8.456666666699999,-6.752344288825873,19.067082676150008,-3.6657771814848417
1989-07-01,Argentina,27.8352083333,186728509.07825303,Emerging,186728509.07825303,5.1933333333,-7.946467951865655,19.045166296791585,-6.076026512375421
1989-10-01,Argentina,32.9652083333,182998217.14969474,Emerging,182998217.14969474,8.169999999999998,-8.247980765809471,19.024986968406843,-8.417725910872775
1990-01-01,Argentina,37.771875,183506639.8707634,Emerging,183506639.8707634,8.666666666700003,-5.6703428418809825,19.02776140938607,-8.580708112437563
1990-04-01,Argentina,28.228541666700004,185500792.397866,Emerging,185500792.397866,-2.7033333332999945,-2.811030596133901,19.03856971168925,-8.063207416866192
1990-07-01,Argentina,23.821875000000002,187917701.20549825,Emerging,187917701.20549825,-4.013333333299997,0.636856221428328,19.05151466540432,-7.455825368587554
1990-10-01,Argentina,26.075208333299997,192513781.77571675,Emerging,192513781.77571675,-6.890000000000001,5.199812749125399,19.075678302769496,-5.846199792368267
1991-01-01,Argentina,22.641875,197931550.5122884,Emerging,197931550.5122884,-15.130000000000003,7.860702289401567,19.103431824405845,-3.9883917838338334
1991-04-01,Argentina,18.1285416667,203186350.2510299,Emerging,203186350.2510299,-10.100000000000005,9.533952725782191,19.12963409745086,-2.3840419120972456
1991-07-01,Argentina,16.1252083333,209264358.86216965,Emerging,209264358.86216965,-7.6966666667000005,11.359577900182849,19.15910888558731,-0.5358083468781416
1991-10-01,Argentina,15.2485416667,215763096.145779,Emerging,215763096.145779,-10.826666666599998,12.076701291520141,19.189691586645417,1.3563041830423117
1992-01-01,Argentina,14.505208333299999,221267798.5779271,Emerging,221267798.5779271,-8.1366666667,11.790059748049075,19.214884284166697,2.6592944002306496
1992-04-01,Argentina,12.9485416667,224661000.66649476,Emerging,224661000.66649476,-5.179999999999998,10.568943429976297,19.230103160305116,2.930723198383589
1992-07-01,Argentina,13.441875,226919502.59443226,Emerging,226919502.59443226,-2.683333333300002,8.436765738924045,19.24010589843378,2.6606395341119082
1992-10-01,Argentina,14.4885416667,229086066.87458473,Emerging,229086066.87458473,-0.7599999999999998,6.1748143991241955,19.24960832878943,2.3330753483946864
1993-01-01,Argentina,12.271875,231395025.3970231,Emerging,231395025.3970231,-2.233333333299999,4.576909466349366,19.259636874640663,2.0614589856876364
1993-04-01,Argentina,11.6885416667,234615922.72456723,Emerging,234615922.72456723,-1.2599999999999998,4.431085959975034,19.273460363681686,2.1820010609157947
1993-07-01,Argentina,10.3685416667,238576882.0341801,Emerging,238576882.0341801,-3.073333333299999,5.137231179544233,19.290202172884406,2.615078704907603
1993-10-01,Argentina,8.89520833333,242599413.36413828,Emerging,242599413.36413828,-5.5933333333699995,5.898807672555462,19.306922136351506,3.0733510109076434
1994-01-01,Argentina,9.36520833333,245902824.85235164,Emerging,245902824.85235164,-2.9066666666700005,6.269711040864556,19.32044699492992,3.2445333223943607
1994-04-01,Argentina,10.525537634400001,248781746.17476475,Emerging,248781746.17476475,-1.1630040323,6.037878114022055,19.332086548673004,3.2627260591073792
1994-07-01,Argentina,11.2693229167,250935732.7079714,Emerging,250935732.7079714,0.9007812499999996,5.180238155690486,19.340707419322783,3.015683976325789
1994-10-01,Argentina,13.2736065574,250390672.95927313,Emerging,250390672.95927313,4.378398224070001,3.2115739634705154,19.33853294793127,1.7247945565394218
1995-01-01,Argentina,20.453118279599998,247811131.17130375,Emerging,247811131.17130375,11.087909946269999,0.7760408283629561,19.32817744613149,-0.35134246214525433
1995-04-01,Argentina,17.2752380953,244795298.91157436,Emerging,244795298.91157436,6.7497004609,-1.6023873634161134,19.315932904625463,-2.587437431319728
1995-07-01,Argentina,16.7019047619,243010843.20458564,Emerging,243010843.20458564,5.4325818452,-3.158135120042238,19.308616622550375,-4.305450270020472
1995-10-01,Argentina,16.588548387099998,244417870.62457123,Emerging,244417870.62457123,3.314941829699997,-2.3853932992437765,19.314389902983685,-4.69132335486151
1996-01-01,Argentina,13.110645161299999,248494189.44334197,Emerging,248494189.44334197,-7.342473118299999,0.2756366386003961,19.330930020705818,-3.976710985741505
1996-04-01,Argentina,12.5463492063,253807232.7915499,Emerging,253807232.7915499,-4.728888889,3.6814162363595138,19.35208561083515,-2.773199351666733
1996-07-01,Argentina,12.2602604167,259103970.5696889,Emerging,259103970.5696889,-4.4416443452,6.622390652566379,19.372739969883035,-1.5864230579794025
1996-10-01,Argentina,10.7500537634,264208932.53319088,Emerging,264208932.53319088,-5.838494623699997,8.097223766022799,19.39225075922052,-0.47284697445917345
1997-01-01,Argentina,9.2915,269576829.9444105,Emerging,269576829.9444105,-3.8191451613,8.484158341205594,19.41236399096648,0.750890618309441
1997-04-01,Argentina,8.78369791667,274879405.2641751,Emerging,274879405.2641751,-3.76265128963,8.302431826255962,19.431843033137973,1.970182558916278
1997-07-01,Argentina,8.04916666667,279355631.49578214,Emerging,279355631.49578214,-4.211093750029999,7.816036505178281,19.447996192949507,2.9244462990625664
1997-10-01,Argentina,9.66467741935,283699670.0025733,Emerging,283699670.0025733,-1.085376344050001,7.377016848941675,19.46342673658691,3.8813638234817205
1998-01-01,Argentina,9.43989071038,287282286.65633535,Emerging,287282286.65633535,0.14839071038000107,6.567870360214534,19.47597586752856,4.630583067224947
1998-04-01,Argentina,9.46888888889,288279241.64221597,Emerging,288279241.64221597,0.6851909722199991,4.874805504313007,19.47944015738786,4.554862926455883
1998-07-01,Argentina,12.4342708333,287288588.13396615,Emerging,287288588.13396615,4.385104166629999,2.8397339247137277,19.475997802081487,3.872230613249883
1998-10-01,Argentina,11.7333333333,284604462.796226,Emerging,284604462.796226,2.06865591395,0.318926276383924,19.466610924439546,2.676259241695078
1999-01-01,Argentina,12.0924043716,280899715.1621764,Emerging,280899715.1621764,2.6525136612200004,-2.221707286044472,19.453508278055363,1.184764858066245
1999-04-01,Argentina,11.313333333300001,278706695.1319136,Emerging,278706695.1319136,1.8444444444100014,-3.3205812724396155,19.445670514883098,0.2890806826961523
1999-07-01,Argentina,12.740625,278310424.1438643,Emerging,278310424.1438643,0.30635416670000026,-3.125137705057479,19.444247682294336,0.09673899962336918
1999-10-01,Argentina,11.2763978495,278109690.5400047,Emerging,278109690.5400047,-0.4569354837999988,-2.2820345796444985,19.44352616412031,0.0287250634254832
2000-01-01,Argentina,10.839047619099999,277754456.3595809,Emerging,277754456.3595809,-1.253356752500002,-1.1197087902989122,19.442248030854245,-0.0484676669977091
2000-04-01,Argentina,12.1274242424,276857025.7039065,Emerging,276857025.7039065,0.814090909099999,-0.6636616415445884,19.43901177820548,-0.28272116429910454
2000-07-01,Argentina,12.7052039683,275503179.8308225,Emerging,275503179.8308225,-0.03542103170000033,-1.0086737935445123,19.434109728526288,-0.6525044445471195
2000-10-01,Argentina,14.097338440900002,274773747.6896803,Emerging,274773747.6896803,2.820940591400001,-1.1995061530747142,19.43145858132421,-0.7736721075559672
2001-01-01,Argentina,12.3676077957,273008637.8649305,Emerging,273008637.8649305,1.528560176600001,-1.7086381103842418,19.425013993179565,-1.2577752305837464
2001-04-01,Argentina,13.4948185714,267650064.51315635,Emerging,267650064.51315635,1.3673943289999997,-3.3255291850880497,19.405190955839153,-3.06994782917549
2001-07-01,Argentina,18.063851639299997,258730109.00670716,Emerging,258730109.00670716,5.358647670999998,-6.088158704525714,19.37129602618491,-6.285381295839798
2001-10-01,Argentina,31.625123763500003,,Emerging,,17.527785322600003,,,
2002-01-01,Argentina,49.800936,,Emerging,,37.4333282043,,,
2002-04-01,Argentina,56.3882368229,,Emerging,,42.893418251499995,,,
1980-01-01,Australia,10.52,80648.0,Developed,,,,11.297849284733777,-0.5631747591477776
1980-04-01,Australia,13.65,81436.0,Developed,,,,11.307572714664568,-0.17298038207780309
1980-07-01,Australia,12.3,82467.0,Developed,82519.875,,,11.320153492301433,0.5033007498241204
1980-10-01,Australia,11.65,84154.0,Developed,83289.75,,,11.340403732654421,1.947340234526429
1981-01-01,Australia,13.53,83397.0,Developed,84153.75,3.01,3.4086400158714447,11.331367616476836,0.46370168135432266
1981-04-01,Australia,16.18,84846.0,Developed,84842.625,2.5299999999999994,4.187337295544968,11.348593127535832,1.6061119133722102
1981-07-01,Australia,15.49,85969.0,Developed,85502.25,3.1899999999999995,4.246547103689968,11.361742045136198,2.3393874938570036
1981-10-01,Australia,14.95,86163.0,Developed,86116.625,3.299999999999999,2.387289968391282,11.363996130165608,1.9793393244283308
1982-01-01,Australia,17.41,86665.0,Developed,86195.875,3.880000000000001,3.918606184874762,11.369805390375411,1.967140875889939
1982-04-01,Australia,19.47,86493.0,Developed,85868.75,3.289999999999999,1.9411639912311651,11.367818764789886,1.1626216592604877
1982-07-01,Australia,16.64,84956.0,Developed,85270.125,1.1500000000000004,-1.1783317242261782,11.349888754388138,-1.2552620820066807
1982-10-01,Australia,13.82,84559.0,Developed,84468.0,-1.129999999999999,-1.8615879205691521,11.345204794551771,-2.374587302745468
1983-01-01,Australia,13.23,83480.0,Developed,84248.375,-4.18,-3.675070674436043,11.332362361191137,-4.34204236611393
1983-04-01,Australia,13.44,83261.0,Developed,84785.5,-6.029999999999999,-3.73671857838207,11.329735531246142,-5.324971415250879
1983-07-01,Australia,12.01,86431.0,Developed,85941.375,-4.630000000000001,1.736192852770846,11.367101686736445,-2.3476743088405527
1983-10-01,Australia,10.13,87381.0,Developed,87637.875,-3.6899999999999995,3.3373147742995934,11.378033146706365,-2.0516290959676553
1984-01-01,Australia,11.86,89905.0,Developed,89119.125,-1.370000000000001,7.696454240536665,11.406508836265738,-0.03618592272172094
1984-04-01,Australia,13.49,90408.0,Developed,90275.875,0.05000000000000071,8.583850782479185,11.412088038039986,-0.34137691544913196
1984-07-01,Australia,11.46,91134.0,Developed,91291.375,-0.5499999999999989,5.441334706297507,11.420086229866074,-0.4315920631389858
1984-10-01,Australia,11.59,91932.0,Developed,92375.625,1.459999999999999,5.208226044563458,11.42880445230482,-0.47245172182357464
1985-01-01,Australia,14.15,93478.0,Developed,93712.625,2.290000000000001,3.974194983593793,11.445481393473127,0.2644582531122097
1985-04-01,Australia,15.69,95509.0,Developed,95028.0,2.1999999999999993,5.642199805326964,11.466975762866129,1.4698494264328232
1985-07-01,Australia,16.06,96729.0,Developed,96114.75,4.599999999999998,6.139311343735598,11.479668533068777,1.7864943854752013
1985-10-01,Australia,18.03,96860.0,Developed,96758.0,6.440000000000001,5.360483835878682,11.48102191595722,0.9643709908043974
1986-01-01,Australia,17.9,97244.0,Developed,97039.375,3.7499999999999982,4.028755429084918,11.484978562919277,0.4003844951611768
1986-04-01,Australia,15.06,96889.0,Developed,97392.25,-0.629999999999999,1.4448900103655182,11.48132127234323,-0.9251478805367697
1986-07-01,Australia,16.77,97600.0,Developed,97960.875,0.7100000000000009,0.9004538452790811,11.488632772401184,-1.1521661772986747
1986-10-01,Australia,16.08,98812.0,Developed,98829.0,-1.9500000000000028,2.0152797852570625,11.500974333850474,-0.8721779601851054
1987-01-01,Australia,16.32,99841.0,Developed,100020.75,-1.5799999999999983,2.6706017852001107,11.511334199578735,-0.7832734773657535
1987-04-01,Australia,14.3,101237.0,Developed,101405.0,-0.7599999999999998,4.487609532557868,11.525219581663706,-0.3311009467754644
1987-07-01,Australia,12.41,102786.0,Developed,102849.5,-4.359999999999999,5.313524590163943,11.540404435958514,0.2658553371130523
1987-10-01,Australia,11.97,104700.0,Developed,104128.375,-4.109999999999998,5.958790430312111,11.558854396858628,1.2084858721522096
1988-01-01,Australia,10.98,105509.0,Developed,105190.875,-5.34,5.677026472090629,11.566551536316604,1.0991587523182744
1988-04-01,Australia,12.26,105800.0,Developed,106132.875,-2.040000000000001,4.507245374714786,11.569305798406337,0.5222739800505138
1988-07-01,Australia,13.35,106723.0,Developed,107048.5,0.9399999999999995,3.8302881715408743,11.577991971698873,0.5680290332838567
1988-10-01,Australia,14.61,108299.0,Developed,108222.875,2.639999999999999,3.4374403056351532,11.59265119933611,1.242930425799571
1989-01-01,Australia,16.45,109235.0,Developed,109654.375,5.469999999999999,3.5314522931693126,11.601256803760194,1.3463475832583782
1989-04-01,Australia,17.78,111469.0,Developed,110875.25,5.520000000000001,5.3582230623818505,11.621501804319836,2.6488427904624245
1989-07-01,Australia,18.05,112506.0,Developed,111905.375,4.700000000000001,5.418700748667105,11.630761832537774,2.8883980823760425
1989-10-01,Australia,18.17,112283.0,Developed,112715.625,3.5600000000000023,3.6787043278331266,11.628777749035867,2.0378628771327456
1990-01-01,Australia,16.46,113492.0,Developed,113042.5,0.010000000000001563,3.8971025770128565,11.639487628837943,2.488002784260779
1990-04-01,Australia,15.07,113694.0,Developed,113231.125,-2.710000000000001,1.9960706564156938,11.641265907897669,2.0719458419753423
1990-07-01,Australia,14.09,112896.0,Developed,113290.75,-3.960000000000001,0.3466481787637976,11.634222319926408,0.7947948625202983
1990-10-01,Australia,12.56,113402.0,Developed,113050.375,-5.610000000000001,0.9965889760694013,11.638694306804567,0.6831285088930272
1991-01-01,Australia,11.68,112850.0,Developed,112825.5,-4.780000000000001,-0.5656786381418977,11.633814782245683,-0.3574241193852856
1991-04-01,Australia,10.82,112413.0,Developed,112665.75,-4.25,-1.1267085334318416,11.629934868116804,-1.2998400627607154
1991-07-01,Australia,10.02,112378.0,Developed,112680.375,-4.07,-0.4588293650793607,11.629623467746836,-1.8950948254184752
1991-10-01,Australia,8.38,112642.0,Developed,112992.375,-4.18,-0.6701821837357347,11.631969926916057,-2.2413072663674427
1992-01-01,Australia,7.49,113727.0,Developed,113528.125,-4.1899999999999995,0.7771377935312351,11.641556118566267,-1.8861590941977369
1992-04-01,Australia,6.72,114032.0,Developed,114401.5,-4.1000000000000005,1.440224885022201,11.644234389741651,-2.248883790218592
1992-07-01,Australia,5.77,115045.0,Developed,115515.25,-4.25,2.373240313940461,11.653078635153634,-2.0253812195798915
1992-10-01,Australia,5.88,116962.0,Developed,116713.75,-2.500000000000001,3.8351591768612137,11.669604374700606,-1.0659831763668137
1993-01-01,Australia,5.69,118317.0,Developed,117791.875,-1.7999999999999998,4.035980901632863,11.681122742093665,-0.640194210131817
1993-04-01,Australia,5.21,119030.0,Developed,118760.625,-1.5099999999999998,4.382980216079702,11.687130841161926,-0.7982556191398871
1993-07-01,Australia,4.9,118672.0,Developed,119919.875,-0.8699999999999992,3.152679386327084,11.684118663976339,-1.890719756091741
1993-10-01,Australia,4.8,121085.0,Developed,121233.125,-1.08,3.52507652057934,11.704248057294603,-0.700454595250477
1994-01-01,Australia,4.83,123468.0,Developed,122805.625,-0.8600000000000003,4.353558660209433,11.723737292163811,0.3964960179063226
1994-04-01,Australia,4.96,124385.0,Developed,124387.875,-0.25,4.498865832143162,11.731136873238876,0.25774938280473947
1994-07-01,Australia,5.65,125897.0,Developed,125486.0,0.75,6.0882095186733265,11.743219391313271,0.5628836027167239
1994-10-01,Australia,7.19,126518.0,Developed,126445.625,2.3900000000000006,4.4869306685386245,11.748139869517214,0.12955892122370471
1995-01-01,Australia,8.19,126820.0,Developed,127584.75,3.3599999999999994,2.7148734894871573,11.750524037254023,-0.5778455930339987
1995-04-01,Australia,7.71,128710.0,Developed,128763.125,2.75,3.4771073682517972,11.765317090643423,-0.06308517410147374
1995-07-01,Australia,7.54,130685.0,Developed,130187.5,1.8899999999999997,3.803108890601048,11.780545126384956,0.4785361554539236
1995-10-01,Australia,7.45,131157.0,Developed,131685.375,0.2599999999999998,3.666671936009114,11.784150357869915,-0.15663452952594525
1996-01-01,Australia,7.49,133576.0,Developed,132967.75,-0.6999999999999993,5.327235451821477,11.802425883228793,0.662539234622983
1996-04-01,Australia,7.56,133937.0,Developed,134255.5,-0.15000000000000036,4.061067516121519,11.805124819124504,-0.0867063386117195
1996-07-01,Australia,7.13,135717.0,Developed,135356.125,-0.41000000000000014,3.8504801622221363,11.818327114321413,0.20513408738018768
1996-10-01,Australia,6.43,136427.0,Developed,136500.875,-1.0200000000000005,4.01808519560527,11.82354495201661,-0.30915651605756267
1997-01-01,Australia,5.93,137111.0,Developed,137826.625,-1.5600000000000005,2.646433491046296,11.828546095738151,-0.8513653532881804
1997-04-01,Australia,5.75,139560.0,Developed,139191.625,-1.8099999999999996,4.198242457274692,11.84624989530071,-0.12792777719017323
1997-07-01,Australia,4.95,140700.0,Developed,140859.875,-2.1799999999999997,3.671610778310752,11.854385243102481,-0.36379277894464934
1997-10-01,Australia,4.95,142364.0,Developed,142548.5,-1.4799999999999995,4.35177787388128,11.86614243700967,-0.23768884806987245
1998-01-01,Australia,4.97,144520.0,Developed,144231.5,-0.96,5.403651056443315,11.881173185261577,0.2180239337118195
1998-04-01,Australia,5.07,145660.0,Developed,146180.75,-0.6799999999999997,4.370879908283176,11.889030417771906,-0.03874379235107028
1998-07-01,Australia,5.13,148064.0,Developed,148120.625,0.17999999999999972,5.233830845771137,11.905399891706725,0.5630650752674882
1998-10-01,Australia,4.84,150594.0,Developed,149946.625,-0.11000000000000032,5.780955859627435,11.92234275291682,1.2320707214348303
1999-01-01,Australia,4.79,151809.0,Developed,151731.75,-0.17999999999999972,5.0435925823415495,11.93037843072372,1.0223697624208938
1999-04-01,Australia,4.85,152979.0,Developed,153404.5,-0.22000000000000064,5.024715089935472,11.938055936052296,0.7902469306287685
1999-07-01,Australia,4.94,155026.0,Developed,154950.5,-0.1899999999999995,4.702020747784741,11.951348123769762,1.1337323715942205
1999-10-01,Australia,5.47,157014.0,Developed,156498.5,0.6299999999999999,4.263118052512049,11.964090252329383,1.4366026851254432
2000-01-01,Australia,5.78,157757.0,Developed,157915.875,0.9900000000000002,3.918081273178786,11.96881115342847,0.9512832127034798
2000-04-01,Australia,6.19,159415.0,Developed,158815.0,1.3400000000000007,4.2071133946489425,11.979266143796675,1.051949922363704
2000-07-01,Australia,6.42,159929.0,Developed,159410.5,1.4799999999999995,3.1626952898223593,11.982485245729796,0.4396547867498768
2000-10-01,Australia,6.31,159304.0,Developed,160033.375,0.8399999999999999,1.458468671583435,11.97856960543851,-0.8780952987088142
2001-01-01,Australia,5.55,160231.0,Developed,160823.375,-0.23000000000000043,1.5682346900612876,11.984371803010973,-1.2189248350766846
2001-04-01,Australia,4.91,161924.0,Developed,162114.5,-1.2800000000000002,1.5738794969105685,11.994882368333423,-1.0861145340481215
2001-07-01,Australia,4.85,163740.0,Developed,,-1.5700000000000003,2.3829324262641505,12.006035082930438,-0.8878581154615262
2001-10-01,Australia,4.3,165822.0,Developed,,-2.01,4.091548234821474,12.018670202868732,-0.5410230233573898
2002-01-01,Australia,4.34,,Developed,,-1.21,,,
2002-04-01,Australia,,,Developed,,,,,
1980-01-01,Brazil,,,Emerging,,,,,
1980-04-01,Brazil,,,Emerging,,,,,
1980-07-01,Brazil,,,Emerging,,,,,
1980-10-01,Brazil,,,Emerging,,,,,
1981-01-01,Brazil,,,Emerging,,,,,
1981-04-01,Brazil,,,Emerging,,,,,
1981-07-01,Brazil,,,Emerging,,,,,
1981-10-01,Brazil,,,Emerging,,,,,
1982-01-01,Brazil,,,Emerging,,,,,
1982-04-01,Brazil,,,Emerging,,,,,
1982-07-01,Brazil,,,Emerging,,,,,
1982-10-01,Brazil,,,Emerging,,,,,
1983-01-01,Brazil,,,Emerging,,,,,
1983-04-01,Brazil,,,Emerging,,,,,
1983-07-01,Brazil,,,Emerging,,,,,
1983-10-01,Brazil,,,Emerging,,,,,
1984-01-01,Brazil,,,Emerging,,,,,
1984-04-01,Brazil,,,Emerging,,,,,
1984-07-01,Brazil,,,Emerging,,,,,
1984-10-01,Brazil,,,Emerging,,,,,
1985-01-01,Brazil,,,Emerging,,,,,
1985-04-01,Brazil,,,Emerging,,,,,
1985-07-01,Brazil,,,Emerging,,,,,
1985-10-01,Brazil,,,Emerging,,,,,
1986-01-01,Brazil,,,Emerging,,,,,
1986-04-01,Brazil,,,Emerging,,,,,
1986-07-01,Brazil,,,Emerging,,,,,
1986-10-01,Brazil,,,Emerging,,,,,
1987-01-01,Brazil,,,Emerging,,,,,
1987-04-01,Brazil,,,Emerging,,,,,
1987-07-01,Brazil,,,Emerging,,,,,
1987-10-01,Brazil,,,Emerging,,,,,
1988-01-01,Brazil,,,Emerging,,,,,
1988-04-01,Brazil,,,Emerging,,,,,
1988-07-01,Brazil,,,Emerging,,,,,
1988-10-01,Brazil,,,Emerging,,,,,
1989-01-01,Brazil,,,Emerging,,,,,
1989-04-01,Brazil,,,Emerging,,,,,
1989-07-01,Brazil,,,Emerging,,,,,
1989-10-01,Brazil,,,Emerging,,,,,
1990-01-01,Brazil,,,Emerging,,,,,
1990-04-01,Brazil,,,Emerging,,,,,
1990-07-01,Brazil,,,Emerging,,,,,
1990-10-01,Brazil,,,Emerging,,,,,
1991-01-01,Brazil,,,Emerging,,,,,
1991-04-01,Brazil,,,Emerging,,,,,
1991-07-01,Brazil,,101.71985056812862,Emerging,101.71985056812862,,,4.622222471501804,2.2756018317628524
1991-10-01,Brazil,,102.1218958291036,Emerging,102.1218958291036,,,4.626167156919954,1.7429767349327108
1992-01-01,Brazil,,101.1911680229526,Emerging,101.1911680229526,,,4.617011480544431,-0.10110679240966647
1992-04-01,Brazil,,100.51452936576398,Emerging,100.51452936576398,,,4.610302287853401,-1.704475814051598
1992-07-01,Brazil,,100.86685793019349,Emerging,100.86685793019349,,-0.8385704787914783,4.61380140888587,-2.2933957459512655
1992-10-01,Brazil,,101.95773721537854,Emerging,101.95773721537854,,-0.1607477146720493,4.624558386395609,-2.164295435206487
1993-01-01,Brazil,,103.43901984087528,Emerging,103.43901984087528,,2.221391314914767,4.6389822587891185,-1.676220791300853
1993-04-01,Brazil,,104.82239966610965,Emerging,104.82239966610965,,4.285818505571148,4.652267486320424,-1.3083228543182557
1993-07-01,Brazil,,105.92571362838012,Emerging,105.92571362838012,,5.015379483405447,4.66273803359996,-1.225754590707151
1993-10-01,Brazil,,106.75834253759636,Emerging,106.75834253759636,,4.708426700444401,4.670567799290258,-1.4078578599225011
1994-01-01,Brazil,,107.89961061331638,Emerging,107.89961061331638,,4.3122902549763475,4.681201263483865,-1.3061502817985904
1994-04-01,Brazil,,110.15234744108287,Emerging,110.15234744108287,,5.084741230834888,4.701864384333869,-0.1931217589532963
1994-07-01,Brazil,13.9072171979,112.98243297335675,Emerging,112.98243297335675,,6.661951195092963,4.727232346214346,1.4044767720203133
1994-10-01,Brazil,13.5136593279,115.34142861466411,Emerging,115.34142861466411,,8.03973335764847,4.747896674226946,2.5516491483859483
1995-01-01,Brazil,18.0304516505,116.57177595731314,Emerging,116.57177595731314,,8.037253605182592,4.758507185930324,2.7183506551248016
1995-04-01,Brazil,17.3130055556,116.56968980828339,Emerging,116.56968980828339,,5.825878899796444,4.758489289937237,1.850500901910923
1995-07-01,Brazil,16.0297969365,115.99873012655539,Emerging,115.99873012655539,2.122579738599999,2.6697045494762373,4.7535792438615765,0.5234054293719481
1995-10-01,Brazil,15.5432283226,115.88854750747873,Emerging,115.88854750747873,2.0295689947,0.474347248326934,4.752628931895409,-0.37722412711005404
1996-01-01,Brazil,13.1697549839,117.02912436730763,Emerging,117.02912436730763,-4.860696666600001,0.39233202568860204,4.762422830037071,-0.1727440799200508
1996-04-01,Brazil,12.7349662857,118.68548114837802,Emerging,118.68548114837802,-4.5780392699,1.8150441539085849,4.776476978619542,0.48888145710144215
1996-07-01,Brazil,11.3972070885,120.06759930475076,Emerging,120.06759930475076,-4.6325898479999985,3.5076842425397325,4.788054911712241,0.9345457088070219
1996-10-01,Brazil,10.442556847,121.44414244967038,Emerging,121.44414244967038,-5.100671475599999,4.793911962554476,4.799454424146498,1.3942624253298064
1997-01-01,Brazil,9.45504555,122.45797240705838,Emerging,122.45797240705838,-3.7147094339000013,4.638886319196711,4.807767888727193,1.576919063089477
1997-04-01,Brazil,9.34390896354,123.03457462621674,Emerging,123.03457462621674,-3.39105732216,3.6643854292519373,4.812465410394841,1.428304878053499
1997-07-01,Brazil,8.80072216667,123.44636767309775,Emerging,123.44636767309775,-2.5964849218299992,2.8140550722357105,4.815806791892111,1.1721933319901012
1997-10-01,Brazil,10.4283142419,123.84394012569713,Emerging,123.84394012569713,-0.01424260509999975,1.9760505756968083,4.819022225595765,0.9285041595276766
1998-01-01,Brazil,10.2243355301,124.11101455184186,Emerging,124.11101455184186,0.7692899800999999,1.349885280877161,4.821176443726033,0.5998784588094885
1998-04-01,Brazil,10.316351,123.79477766546312,Emerging,123.79477766546312,0.9724420364599986,0.6178775694197336,4.818625175721509,-0.18252326528482854
1998-07-01,Brazil,14.5532063958,123.5752459328751,Emerging,123.5752459328751,5.752484229129999,0.1044002040778036,4.816850249341762,-0.8753055998147019
1998-10-01,Brazil,15.9656112849,123.61296763693925,Emerging,123.61296763693925,5.537297042999999,-0.1865028587781148,4.817155455676742,-1.3527627217607474
1999-01-01,Brazil,17.6788960273,123.48518565518974,Emerging,123.48518565518974,7.454560497199999,-0.5042492794954279,4.81612119466396,-1.960980857347927
1999-04-01,Brazil,13.962240619,123.94876105268024,Emerging,123.94876105268024,3.645889619,0.1243860121735052,4.81986826289014,-2.0911610911793055
1999-07-01,Brazil,15.2769431875,125.25587103644625,Emerging,125.25587103644625,0.7237367917000004,1.3600014233303925,4.830358613408882,-1.5491632481341
1999-10-01,Brazil,13.1302717849,126.71617966442813,Emerging,126.71617966442813,-2.8353395,2.510425958385887,4.841949779761503,-0.8999821286378662
2000-01-01,Brazil,12.333042873,128.06784185687076,Emerging,128.06784185687076,-5.3458531542999985,3.711097956703302,4.852560138018341,-0.3515600531845742
2000-04-01,Brazil,13.3157742857,129.32257588787527,Emerging,129.32257588787527,-0.6464663332999994,4.335513150398551,4.8623098713711626,0.10890385870494512
2000-07-01,Brazil,12.9557552381,130.58151484035199,Emerging,130.58151484035199,-2.3211879494000005,4.251811719353338,4.871997666551605,0.5622805665305819
2000-10-01,Brazil,13.7179344086,131.59318147537374,Emerging,131.59318147537374,0.5876626237,3.8487601377037883,4.879715205051743,0.8186724409243062
2001-01-01,Brazil,12.0907363441,132.01654769126114,Emerging,132.01654769126114,-0.24230652890000037,3.0832922434997245,4.882927276026733,0.6251411934722562
2001-04-01,Brazil,11.9178320635,131.98728668697262,Emerging,131.98728668697262,-1.3979422221999993,2.0605147869987572,4.882705604970498,0.08893049936178343
2001-07-01,Brazil,12.9300332787,131.75580932068812,Emerging,131.75580932068812,-0.025721959400000216,0.8992807915973566,4.880950279965041,-0.6002704206580667
2001-10-01,Brazil,12.1213366667,,Emerging,,-1.5965977419000001,,,
2002-01-01,Brazil,9.78204283333,,Emerging,,-2.3086935107700004,,,
2002-04-01,Brazil,11.8142693229,,Emerging,,-0.10356274060000104,,,
1980-01-01,Canada,14.38,,Developed,,,,,
1980-04-01,Canada,12.98,,Developed,,,,,
1980-07-01,Canada,10.72,,Developed,,,,,
1980-10-01,Canada,14.53,,Developed,,,,,
1981-01-01,Canada,17.13,598955.0,Developed,,2.7499999999999982,,13.302941749066866,3.5611633379648566
1981-04-01,Canada,18.57,604542.0,Developed,,5.59,,13.312226425531625,3.928856276302106
1981-07-01,Canada,21.02,600289.0,Developed,599300.0,10.299999999999999,,13.305166484900797,2.6598617779947986
1981-10-01,Canada,16.62,597224.0,Developed,595974.875,2.0900000000000016,,13.300047531381537,1.5780590014994544
1982-01-01,Canada,15.35,591335.0,Developed,591118.375,-1.7799999999999994,-1.2722157758095376,13.29013797166887,0.003944940448974421
1982-04-01,Canada,16.05,585561.0,Developed,585861.5,-2.5199999999999996,-3.139732227041292,13.280325641050814,-1.581026839100197
1982-07-01,Canada,14.32,580418.0,Developed,582161.0,-6.699999999999999,-3.31023890159573,13.271503812605692,-3.094861457648612
1982-10-01,Canada,10.88,575040.0,Developed,582700.5,-5.74,-3.7145191753847784,13.262194882577331,-4.691663577371941
1983-01-01,Canada,9.62,583915.0,Developed,587068.625,-5.73,-1.2547878951863156,13.277510703272029,-3.864657965787721
1983-04-01,Canada,9.32,597297.0,Developed,594455.25,-6.73,2.004231839210613,13.300169756106076,-2.343474189678041
1983-07-01,Canada,9.33,603627.0,Developed,603656.75,-4.99,3.998669924089193,13.31071173648574,-2.073205005599732
1983-10-01,Canada,9.55,610924.0,Developed,612762.0,-1.33,6.240261547022818,13.322727844165074,-1.6923280639627336
1984-01-01,Canada,10.08,621643.0,Developed,621087.0,0.46000000000000085,6.461214389080605,13.340121251962179,-0.8068279556439961
1984-04-01,Canada,11.45,632411.0,Developed,629389.375,2.129999999999999,5.878817405746228,13.357294778220576,0.028332986061663235
1984-07-01,Canada,12.45,635113.0,Developed,637896.5,3.119999999999999,5.216135129806987,13.36155821479902,-0.45060595314527774
1984-10-01,Canada,10.77,645857.0,Developed,645062.0,1.2199999999999989,5.718059856872548,13.378333396031403,0.3037810518325301
1985-01-01,Canada,10.52,654767.0,Developed,652045.0,0.4399999999999995,5.328460225563547,13.392034726141334,0.7384584437847508
1985-04-01,Canada,9.67,656611.0,Developed,660030.75,-1.7799999999999994,3.826625406578943,13.394847036879144,0.07724355501608215
1985-07-01,Canada,9.03,666777.0,Developed,666682.0,-3.42,4.985569497081621,13.410210936162496,0.6690697980374694
1985-10-01,Canada,9.02,678079.0,Developed,672439.5,-1.75,4.98903007941387,13.427019079308742,1.4080270481066748
1986-01-01,Canada,11.03,675755.0,Developed,677662.0,0.5099999999999998,3.2054150560428374,13.42358586329741,0.12996117807446694
1986-04-01,Canada,8.73,681683.0,Developed,679947.25,-0.9399999999999995,3.8183947573220633,13.432320019384068,0.0792714714901166
1986-07-01,Canada,8.47,683485.0,Developed,682479.0,-0.5599999999999987,2.5057852925340907,13.434959989038466,-0.5667529924162196
1986-10-01,Canada,8.4,679653.0,Developed,687486.25,-0.6199999999999992,0.23212634516036612,13.429337652790288,-2.021528773090253
1987-01-01,Canada,7.25,694435.0,Developed,694045.75,-3.7799999999999994,2.764315469363887,13.450853844283884,-0.7412228978919799
1987-04-01,Canada,8.3,703061.0,Developed,703495.5,-0.4299999999999997,3.136061776514887,13.463198938009926,-0.35178485406603954
1987-07-01,Canada,9.3,714583.0,Developed,714159.875,0.8300000000000001,4.549916969648193,13.479454434755866,0.4604117651329176
1987-10-01,Canada,8.7,724153.0,Developed,724364.25,0.29999999999999893,6.5474587767581305,13.492757975008518,1.0148272019197435
1988-01-01,Canada,8.62,735250.0,Developed,733387.125,1.3699999999999992,5.877439933183082,13.507965856416241,1.8024996573112517
1988-04-01,Canada,9.13,743881.0,Developed,740820.25,0.8300000000000001,5.806039589736889,13.519636354785906,2.284030881173038
1988-07-01,Canada,10.05,745946.0,Developed,747454.25,0.75,4.38899330098812,13.522408490506919,1.9269705193382336
1988-10-01,Canada,10.83,752255.0,Developed,753049.375,2.130000000000001,3.8806716260237906,13.53083064119669,2.188376421139182
1989-01-01,Canada,11.82,760220.0,Developed,757930.0,3.200000000000001,3.3961237674260403,13.541363144057302,2.715298037801084
1989-04-01,Canada,12.41,763672.0,Developed,762086.875,3.2799999999999994,2.660506183112621,13.545893656592984,2.6961491155002903
1989-07-01,Canada,12.29,765200.0,Developed,765285.5,2.2399999999999984,2.5811519868730537,13.547892516548234,2.4759143631660763
1989-10-01,Canada,12.33,766256.0,Developed,767348.125,1.5,1.8612039800333768,13.549271596544479,2.2420468842216934
1990-01-01,Canada,13.15,771808.0,Developed,767768.625,1.33,1.5242955986424889,13.556491093411568,2.6352847564572457
1990-04-01,Canada,13.8,768585.0,Developed,766443.125,1.3900000000000006,0.6433390251312066,13.552306440919319,1.9244884723573108
1990-07-01,Canada,12.98,763651.0,Developed,762058.0,0.6900000000000013,-0.20243073706220915,13.54586615749816,1.0161799374941438
1990-10-01,Canada,12.17,757201.0,Developed,756202.0,-0.16000000000000014,-1.1817199473805107,13.537384018971478,-0.07779600855872815
1991-01-01,Canada,10.23,745782.0,Developed,751946.75,-2.92,-3.372082175877944,13.522188611278722,-1.8347486270819502
1991-04-01,Canada,9.08,747763.0,Developed,749794.125,-4.720000000000001,-2.7091343182601757,13.524841361830871,-1.8086544096975743
1991-07-01,Canada,8.62,750431.0,Developed,750084.125,-4.360000000000001,-1.731157295675645,13.528402987121503,-1.7024142218765803
1991-10-01,Canada,7.72,753200.0,Developed,751685.5,-4.45,-0.5283933856400136,13.532086075765134,-1.6026113079893989
1992-01-01,Canada,7.24,752103.0,Developed,753326.25,-2.99,0.847566715206316,13.530628561637812,-2.0422303773647954
1992-04-01,Canada,6.26,754253.0,Developed,755002.0,-2.8200000000000003,0.8679220555176004,13.533483134474452,-2.081778921377442
1992-07-01,Canada,6.1,757067.0,Developed,757535.25,-2.5199999999999996,0.8842918269634348,13.53720703576857,-2.0700328615554042
1992-10-01,Canada,7.35,759970.0,Developed,761264.125,-0.3700000000000001,0.898831651619747,13.541034237799197,-2.086793929050046
1993-01-01,Canada,6.04,765599.0,Developed,765602.125,-1.2000000000000002,1.7944350707283396,13.54841381295493,-1.7890600735157136
1993-04-01,Canada,5.08,770588.0,Developed,770713.125,-1.1799999999999997,2.1657189298551094,13.554909138771606,-1.621094483676444
1993-07-01,Canada,4.56,775436.0,Developed,777110.75,-1.54,2.426337431165271,13.561180730791481,-1.5163283850677445
1993-10-01,Canada,4.22,782489.0,Developed,785140.5,-3.13,2.9631432819716474,13.57023514378965,-1.1725758958887056
1994-01-01,Canada,4.46,794261.0,Developed,794847.0,-1.58,3.7437352974599047,13.585167401579453,-0.27785652527416715
1994-04-01,Canada,6.3,806164.0,Developed,805400.75,1.2199999999999998,4.616734234117326,13.60004247473616,0.5775377537698745
1994-07-01,Canada,5.64,817512.0,Developed,815471.375,1.08,5.426108666608198,13.614020860544894,1.313041299550477
1994-10-01,Canada,6.24,824843.0,Developed,823533.5,2.0200000000000005,5.412727846653431,13.622948344176596,1.5162562978606076
1995-01-01,Canada,8.4,832472.0,Developed,828707.125,3.9400000000000004,4.810887101343253,13.632154866637478,1.7223798672070245
1995-04-01,Canada,7.46,832450.0,Developed,832025.5,1.1600000000000001,3.2606268699669094,13.632128438972998,0.9814684698355336
1995-07-01,Canada,6.61,832615.0,Developed,834068.375,0.9700000000000006,1.8474346553934318,13.63232662943468,0.23945780118062032
1995-10-01,Canada,6.4,836287.0,Developed,835713.875,0.16000000000000014,1.387415544533921,13.63672713458779,-0.10631702974173152
1996-01-01,Canada,5.21,837371.0,Developed,838998.125,-3.1900000000000004,0.5884882614670461,13.638022500966796,-0.7871855781216297
1996-04-01,Canada,4.81,840715.0,Developed,844100.5,-2.6500000000000004,0.9928524235689906,13.642007999238512,-1.2241385377706138
1996-07-01,Canada,4.25,850624.0,Developed,850711.625,-2.3600000000000003,2.1629444581229063,13.653725476781005,-0.9130169403881894
1996-10-01,Canada,3.12,859097.0,Developed,859064.125,-3.2800000000000002,2.7275325336876044,13.663637116593511,-0.8068631689708283
1997-01-01,Canada,3.18,867450.0,Developed,868474.75,-2.03,3.5920756749397764,13.673313152254474,-0.7473439130064818
1997-04-01,Canada,3.33,877456.0,Developed,878012.875,-1.4799999999999995,4.37020869141147,13.68478209061484,-0.5297942452527238
1997-07-01,Canada,3.65,889168.0,Developed,887840.375,-0.6000000000000001,4.531261756075544,13.698041473020208,-0.1521786990565488
1997-10-01,Canada,4.28,896858.0,Developed,897100.375,1.1600000000000001,4.395429154100183,13.706652823046648,-0.255732463315006
1998-01-01,Canada,4.79,908309.0,Developed,905197.625,1.6099999999999999,4.710242665283304,13.719339908061714,0.034628763910760085
1998-04-01,Canada,5.05,910677.0,Developed,914026.25,1.7199999999999998,3.786058788132962,13.721943557938868,-0.6941446320592348
1998-07-01,Canada,5.25,920725.0,Developed,924112.75,1.6,3.5490480988969564,13.732916682160255,-0.5939159480146117
1998-10-01,Canada,5.11,935930.0,Developed,935533.625,0.8300000000000001,4.356542507286543,13.749295966338305,0.0422629726793744
1999-01-01,Canada,4.97,949929.0,Developed,948438.5,0.17999999999999972,4.582141099559722,13.76414252394168,0.5241542697481449
1999-04-01,Canada,4.79,960424.0,Developed,961787.875,-0.2599999999999998,5.46263933315545,13.775130132604673,0.6227600851225645
1999-07-01,Canada,4.87,974217.0,Developed,974627.75,-0.3799999999999999,5.809769475141868,13.789389350417888,1.0544330099452992
1999-10-01,Canada,5.12,989233.0,Developed,986576.625,0.009999999999999787,5.695190879659795,13.804685174364101,1.5985802995224674
2000-01-01,Canada,5.34,999345.0,Developed,997975.375,0.3700000000000001,5.202072997034524,13.814855343358058,1.641224381726758
2000-04-01,Canada,5.83,1006599.0,Developed,1007968.375,1.04,4.807772400523103,13.822087879880629,1.4024169283553434
2000-07-01,Canada,5.87,1019232.0,Developed,1015634.0,1.0,4.62063380129889,13.834559960481409,1.7000992528393155
2000-10-01,Canada,5.82,1024162.0,Developed,1021415.375,0.7000000000000002,3.5309173875113453,13.839385275193795,1.2449875064087124
2001-01-01,Canada,5.0,1025741.0,Developed,1024644.5,-0.33999999999999986,2.6413300711966237,13.840925836198185,0.47156749296064504
2001-04-01,Canada,4.45,1026454.0,Developed,1026457.125,-1.38,1.9724835808499819,13.841620701967459,-0.3787484715516598
2001-07-01,Canada,3.79,1025210.0,Developed,1030271.25,-2.08,0.5865200464663545,13.840408027618786,-1.4149331364288642
2001-10-01,Canada,2.23,1032685.0,Developed,,-3.5900000000000003,0.8321925632858829,13.847672764522535,-1.6010429078567867
2002-01-01,Canada,2.2,1047731.0,Developed,,-2.8,2.1438160315323307,13.862137431526019,-1.066493111116884
2002-04-01,Canada,,,Developed,,,,,
1980-01-01,Mexico,,,Emerging,,,,,
1980-04-01,Mexico,,,Emerging,,,,,
1980-07-01,Mexico,,957384.375,Emerging,957384.375,,,13.771960235565047,-4.196006951350739
1980-10-01,Mexico,,978984.625,Emerging,978984.625,,,13.794271216588509,-2.117013139725543
1981-01-01,Mexico,,1000880.125,Emerging,1000880.125,,,13.816390295881371,-0.054586996815508826
1981-04-01,Mexico,,1019761.875,Emerging,1019761.875,,,13.835079702123034,1.6714399828764215
1981-07-01,Mexico,,1032511.25,Emerging,1032511.25,,7.847096418301169,13.847504499641742,2.78155398660509
1981-10-01,Mexico,,1036980.125,Emerging,1036980.125,,5.924046049242082,13.85182332116493,3.094553391555799
1982-01-01,Mexico,,1036707.25,Emerging,1036707.25,,3.579562037961348,13.851560142631016,2.964032424769769
1982-04-01,Mexico,,1029375.25,Emerging,1029375.25,,0.9427078257853161,13.84446262277983,2.1640194975610427
1982-07-01,Mexico,,1017851.0,Emerging,1017851.0,,-1.419863463957416,13.833204099957744,0.9592584616315847
1982-10-01,Mexico,,1006388.875,Emerging,1006388.875,,-2.950032431913774,13.821879110614432,-0.2447395331721225
1983-01-01,Mexico,,994983.125,Emerging,994983.125,,-4.024677651284869,13.810481056197915,-1.4531763737080539
1983-04-01,Mexico,,988735.5,Emerging,988735.5,,-3.94800146982357,13.804182132975432,-2.153221502704916
1983-07-01,Mexico,,991688.5,Emerging,991688.5,,-2.5703663895796147,13.807164324858114,-1.930157363268492
1983-10-01,Mexico,,999411.0,Emerging,999411.0,,-0.6933577241699962,13.814921384435632,-1.2367437672116566
1984-01-01,Mexico,,1008648.75,Emerging,1008648.75,,1.3734529417270158,13.824122121781503,-0.4070284296108895
1984-04-01,Mexico,,1017785.75,Emerging,1017785.75,,2.938121469290822,13.833139992252848,0.39617842767185607
1984-07-01,Mexico,,1023545.875,Emerging,1023545.875,,3.2124376757419304,13.838783504769298,0.853826331793428
1984-10-01,Mexico,,1030456.25,Emerging,1030456.25,,3.106354642884668,13.845512223292532,1.4117227025998602
1985-01-01,Mexico,,1036604.5,Emerging,1036604.5,,2.7716040891341054,13.851461025843506,1.8826727244066532
1985-04-01,Mexico,,1040945.0,Emerging,1040945.0,,2.2754543380077763,13.855639512387711,2.1660714492941935
1985-07-01,Mexico,,1039707.0,Emerging,1039707.0,,1.5789350916977751,13.854449500654756,1.899359035300563
1985-10-01,Mexico,,1035000.625,Emerging,1035000.625,,0.441006107731412,13.84991258854616,1.2805998629984217
1986-01-01,Mexico,,1028398.25,Emerging,1028398.25,,-0.7916471518308099,13.843513052699922,0.4529390872113126
1986-04-01,Mexico,,1016835.0,Emerging,1016835.0,,-2.3161646388618062,13.832205419980152,-0.8942534895414411
1986-07-01,Mexico,,1010008.125,Emerging,1010008.125,,-2.8564658120028064,13.82546893333954,-1.8194195428119286
1986-10-01,Mexico,,1009016.5,Emerging,1009016.5,,-2.510541962233115,13.82448665202662,-2.2100602101376765
1987-01-01,Mexico,,1012791.125,Emerging,1012791.125,,-1.5176148928685906,13.828220567497953,-2.174646271038405
1987-04-01,Mexico,,1022566.5,Emerging,1022566.5,,0.5636607709215369,13.837826201459118,-1.6009141925009018
1987-07-01,Mexico,,1032160.875,Emerging,1032160.875,,2.193323939844549,13.847165099502494,-1.1046388989125688
1987-10-01,Mexico,,1036873.0,Emerging,1036873.0,,2.7607576288395608,13.851720011052171,-1.1384743601196234
1988-01-01,Mexico,,1038387.125,Emerging,1038387.125,,2.527273330915092,13.853179225972198,-1.5338301026616818
1988-04-01,Mexico,,1040284.875,Emerging,1040284.875,,1.7327357193884119,13.855005151878027,-1.9439923314637397
1988-07-01,Mexico,,1045984.875,Emerging,1045984.875,,1.3393261006914292,13.860469463655424,-2.040361880604813
1988-10-01,Mexico,,1056248.0,Emerging,1056248.0,,1.8685991437717098,13.870233564160603,-1.7541517919125837
1989-01-01,Mexico,,1069916.875,Emerging,1069916.875,,3.0364157298271577,13.883091516504416,-1.2020338555755572
1989-04-01,Mexico,,1081528.375,Emerging,1081528.375,,3.964635167842845,13.89388576073935,-0.8947458227501315
1989-07-01,Mexico,,1091497.875,Emerging,1091497.875,,4.351210145366591,13.903061508108124,-0.7819970544085564
1989-10-01,Mexico,,1102666.25,Emerging,1102666.25,,4.394635540138303,13.913241668585712,-0.5951678221585155
1990-01-01,Mexico,,1114475.875,Emerging,1114475.875,,4.164716067311303,13.92389478509553,-0.38058635460487267
1990-04-01,Mexico,,1130823.75,Emerging,1130823.75,,4.557936355576442,13.93845690741087,0.2125417845252997
1990-07-01,Mexico,,1146095.875,Emerging,1146095.875,,5.002116930369649,13.951871833315936,0.686023699067384
1990-10-01,Mexico,,1159522.75,Emerging,1159522.75,,5.156274620720458,13.963519056011332,0.9851031958820755
1991-01-01,Mexico,,1172373.625,Emerging,1172373.625,,5.195065348543326,13.974540990977626,1.2308875450138146
1991-04-01,Mexico,,1183031.375,Emerging,1183031.375,,4.6167782556742365,13.9835906641642,1.29492937389184
1991-07-01,Mexico,,1196036.125,Emerging,1196036.125,,4.357423413638939,13.994523417886056,1.5682436417915113
1991-10-01,Mexico,,1206669.125,Emerging,1206669.125,,4.066015522334521,14.003374332424587,1.6590097737685383
1992-01-01,Mexico,,1216734.875,Emerging,1216734.875,,3.783883316208181,14.011681496963005,1.724727932784198
1992-04-01,Mexico,,1227674.5,Emerging,1227674.5,,3.773621388528259,14.02063228740667,1.8867900729066633
1992-07-01,Mexico,,1238158.0,Emerging,1238158.0,,3.5217895278873756,14.029135349285214,2.0376371556737993
1992-10-01,Mexico,,1245053.0,Emerging,1245053.0,,3.1809776354392083,14.03468865725598,1.92746381159985
1993-01-01,Mexico,,1247861.875,Emerging,1247861.875,,2.5582401424961265,14.036942144703016,1.5203870206487835
1993-04-01,Mexico,,1252983.75,Emerging,1252983.75,,2.061560291429032,14.041038264919408,1.3285710888057523
1993-07-01,Mexico,,1259835.125,Emerging,1259835.125,,1.7507559616785517,14.046491417191033,1.3004246794464436
1993-10-01,Mexico,,1272359.625,Emerging,1272359.625,,2.193209847291633,14.056383706979894,1.7402967166294303
1994-01-01,Mexico,6.91110717204,1288220.75,Emerging,1288220.75,,3.234242171233892,14.068772560712443,2.4492554554337076
1994-04-01,Mexico,8.92600452151,1303698.375,Emerging,1303698.375,,4.047508596979021,14.080715687197689,3.1273097037461284
1994-07-01,Mexico,9.07344033854,1311500.75,Emerging,1311500.75,,4.100983055223195,14.086682650153179,3.214122975646916
1994-10-01,Mexico,10.2010980984,1295503.5,Emerging,1295503.5,,1.818972760944071,14.074409980640244,1.4741009510293779
1995-01-01,Mexico,19.824413586,1267480.0,Emerging,1267480.0,12.913306413959997,-1.6100307342511,14.052541235230281,-1.239656966065894
1995-04-01,Mexico,17.3938611905,1242681.125,Emerging,1242681.125,8.46785666899,-4.680319556277734,14.032781800976716,-3.7687896364900553
1995-07-01,Mexico,14.872463873,1230712.5,Emerging,1230712.5,5.79902353446,-6.159985040039051,14.02310382793017,-5.327484835770413
1995-10-01,Mexico,17.1779749194,1240610.5,Emerging,1240610.5,6.976876821000001,-4.237194264623756,14.031114155131961,-5.164105946842135
1996-01-01,Mexico,13.6839723065,1260789.625,Emerging,1260789.625,-6.140441279499999,-0.5278485656578402,14.04724876914961,-4.240771921997144
1996-04-01,Mexico,12.1370066349,1282517.125,Emerging,1282517.125,-5.2568545556,3.205649397789001,14.064335208764424,-3.2772189259324236
1996-07-01,Mexico,11.3346048385,1301165.125,Emerging,1301165.125,-3.5378590344999985,5.724539646749349,14.078770671039548,-2.633566812709809
1996-10-01,Mexico,10.3627191344,1321952.0,Emerging,1321952.0,-6.815255785,6.55657033371877,14.094619990111296,-1.901123467246002
1997-01-01,Mexico,9.06168768333,1347105.625,Emerging,1347105.625,-4.62228462317,6.846185778218161,14.113468867314493,-0.9174640753487395
1997-04-01,Mexico,8.96586146354,1370151.75,Emerging,1370151.75,-3.171145171360001,6.83301792169051,14.130432058093518,-0.16607020970447195
1997-07-01,Mexico,8.21406693229,1394066.875,Emerging,1394066.875,-3.12053790621,7.139889335721317,14.147735842609592,0.5813024437332004
1997-10-01,Mexico,9.069978,1414152.125,Emerging,1414152.125,-1.2927411344,6.974544083295009,14.162040704517448,0.9964223422423757
1998-01-01,Mexico,8.95635739891,1430549.75,Emerging,1430549.75,-0.10533028441999903,6.194326818284934,14.173569368917192,1.1069187736110209
1998-04-01,Mexico,9.09020387302,1444357.0,Emerging,1444357.0,0.12434240948000053,5.415841712423464,14.183174797795527,1.0028219503229963
1998-07-01,Mexico,11.7528350208,1452945.0,Emerging,1452945.0,3.5387680885099986,4.223479235886729,14.189103089117474,0.5127838584613187
1998-10-01,Mexico,12.1503258172,1462677.625,Emerging,1462677.625,3.0803478172,3.431420081485226,14.195779303704784,0.08272600606282765
1999-01-01,Mexico,11.3372250273,1476345.25,Emerging,1476345.25,2.38086762839,3.201251826439444,14.205080166004151,-0.09658422625378194
1999-04-01,Mexico,10.101490127,1493707.5,Emerging,1493707.5,1.0112862539799998,3.4167799235230722,14.21677184237435,-0.04548697041570904
1999-07-01,Mexico,10.8860957812,1517109.0,Emerging,1517109.0,-0.8667392395999993,4.416134127582261,14.232317108089559,0.3853988983317791
1999-10-01,Mexico,9.70002497849,1544591.5,Emerging,1544591.5,-2.4503008387100014,5.600268548580556,14.2502700320593,1.0546122976338168
2000-01-01,Mexico,9.13143092063,1571523.875,Emerging,1571523.875,-2.20579410667,6.446908336650936,14.267556327595605,1.6576157110755219
2000-04-01,Mexico,9.73402936508,1593922.375,Emerging,1593922.375,-0.3674607619200003,6.709136494260082,14.281708438903086,1.9498855788125269
2000-07-01,Mexico,9.3561884127,1607119.0,Emerging,1607119.0,-1.5299073685,5.932994926534607,14.289953693004765,1.6553506130222218
2000-10-01,Mexico,9.69018166667,1611214.375,Emerging,1611214.375,-0.009843311819999201,4.313300636446593,14.292498722828183,0.7946514378463831
2001-01-01,Mexico,8.78205037634,1608425.125,Emerging,1608425.125,-0.34938054428999976,2.3481189555583537,14.290766074997398,-0.4910145470542915
2001-04-01,Mexico,7.08091142857,1602115.0,Emerging,1602115.0,-2.6531179365099993,0.5139914671189683,14.286835189302417,-1.9952572825728154
2001-07-01,Mexico,6.72210213115,,Emerging,,-2.63408628155,,,
2001-10-01,Mexico,5.50285198925,,Emerging,,-4.18732967742,,,
2002-01-01,Mexico,4.50024766667,,Emerging,,-4.281802709670001,,,
2002-04-01,Mexico,4.38051385417,,Emerging,,-2.7003975744,,,
1980-01-01,Netherlands,,54912.0,Developed,,,,10.913487182847634,2.5336654403121273
1980-04-01,Netherlands,,54064.0,Developed,,,,10.89792380895407,0.8495156367633427
1980-07-01,Netherlands,,53898.0,Developed,54362.0,,,10.894848650457261,0.412603831989955
1980-10-01,Netherlands,,54916.0,Developed,54316.25,,,10.913560024017496,2.150647203847811
1981-01-01,Netherlands,,54228.0,Developed,54360.875,,-1.2456293706293753,10.90095265919928,0.7507463432199657
1981-04-01,Netherlands,,54382.0,Developed,54266.375,,0.5881917727138308,10.903788495737448,0.8853787035196348
1981-07-01,Netherlands,,53937.0,Developed,54199.75,,0.07235890014472002,10.895571977794404,-0.09919703554697179
1981-10-01,Netherlands,,54121.0,Developed,54087.625,,-1.4476655255298954,10.89897755957152,0.05972544793344525
1982-01-01,Netherlands,,54490.0,Developed,53912.625,,0.483145238622118,10.905772477577145,0.5341927047194162
1982-04-01,Netherlands,,53223.0,Developed,53710.0,,-2.131219888933833,10.882245912728758,-2.0515916019229863
1982-07-01,Netherlands,,53696.0,Developed,53346.875,,-0.4468175834770216,10.891093789826877,-1.4330832908642677
1982-10-01,Netherlands,,52741.0,Developed,53302.875,,-2.5498420206574113,10.873148420667984,-3.530817236628181
1983-01-01,Netherlands,,52965.0,Developed,53640.125,,-2.798678656634246,10.877386597030597,-3.449984638477588
1983-04-01,Netherlands,,54396.0,Developed,54141.375,,2.203934389267803,10.90404590072885,-1.1674909313413195
1983-07-01,Netherlands,5.67,55221.0,Developed,54805.125,,2.8400625744934516,10.919098594700833,-0.08461719735404216
1983-10-01,Netherlands,5.75,55226.0,Developed,55352.5,,4.711704366621783,10.919189135865434,-0.5346954387382752
1984-01-01,Netherlands,6.06,55790.0,Developed,55710.125,,5.333710941187575,10.929349920839574,-0.012210802165846246
1984-04-01,Netherlands,5.72,55950.0,Developed,56058.25,,2.856827707919707,10.93221371374007,-0.25127749966831203
1984-07-01,Netherlands,5.83,56528.0,Developed,56447.375,0.16000000000000014,2.3668531899096346,10.942491369598926,0.22180697999196752
1984-10-01,Netherlands,5.63,56704.0,Developed,56898.0,-0.1200000000000001,2.6762756672581656,10.945600033964753,-0.04846875184814081
1985-01-01,Netherlands,6.9,57425.0,Developed,57265.5,0.8400000000000007,2.9306327298799006,10.958235027557299,0.6100628038980815
1985-04-01,Netherlands,6.84,57920.0,Developed,57680.125,1.12,3.5210008936550574,10.966818027059597,0.8422350356161346
1985-07-01,Netherlands,5.74,57498.0,Developed,58215.0,-0.08999999999999986,1.715963770167006,10.959505443571818,-0.5340265158485735
1985-10-01,Netherlands,5.77,59051.0,Developed,58698.5,0.13999999999999968,4.139037810383739,10.986156756283131,1.4689841023523442
1986-01-01,Netherlands,5.67,59357.0,Developed,59250.5,-1.2300000000000004,3.3643883326077484,10.991325337480562,1.3086959194245296
1986-04-01,Netherlands,5.67,59856.0,Developed,59563.375,-1.17,3.342541436464086,10.999696956587927,1.4548595631888261
1986-07-01,Netherlands,5.44,59978.0,Developed,59623.5,-0.2999999999999998,4.313193502382684,11.001733107298913,0.953980153503764
1986-10-01,Netherlands,5.66,59074.0,Developed,59685.5,-0.10999999999999943,0.03894938273696358,10.986546174277471,-1.2832573799727243
1987-01-01,Netherlands,5.49,59815.0,Developed,59779.625,-0.17999999999999972,0.771602338393107,10.999011744605005,-0.7704441034332987
1987-04-01,Netherlands,5.26,59894.0,Developed,60141.75,-0.41000000000000014,0.06348569901095669,11.00033161214159,-1.3877483693409687
1987-07-01,Netherlands,5.32,60693.0,Developed,60610.25,-0.1200000000000001,1.1921037713828353,11.013583649145524,-0.8272491627726808
1987-10-01,Netherlands,5.18,61256.0,Developed,61056.375,-0.4800000000000004,3.693672343162824,11.02281708279296,-0.6830226342893653
1988-01-01,Netherlands,4.13,61381.0,Developed,61521.375,-1.3600000000000003,2.618072389868753,11.02485561999279,-1.2711799304510052
1988-04-01,Netherlands,4.09,61897.0,Developed,62001.375,-1.17,3.3442414933048337,11.033226992231649,-1.2370028508964737
1988-07-01,Netherlands,5.35,62410.0,Developed,62639.875,0.02999999999999936,2.8289918112467616,11.041480797928088,-1.2227920146166582
1988-10-01,Netherlands,5.47,63379.0,Developed,63408.375,0.29000000000000004,3.465782943711626,11.056887855272539,-0.4979529366341495
1989-01-01,Netherlands,6.58,64366.0,Developed,64201.125,2.45,4.863068376207624,11.07234082236705,0.23105710420061598
1989-04-01,Netherlands,7.1,65060.0,Developed,64981.0,3.01,5.1101022666688145,11.083065200027342,0.4913763209900779
1989-07-01,Netherlands,7.3,65589.0,Developed,65690.5,1.9500000000000002,5.093734978368847,11.091163277944997,0.4976774037317
1989-10-01,Netherlands,8.34,66439.0,Developed,66337.75,2.87,4.828097634863293,11.10403951243997,0.9945425950608211
1990-01-01,Netherlands,8.85,66982.0,Developed,67015.5,2.2699999999999996,4.064257527265958,11.112179205562004,1.0343276622140962
1990-04-01,Netherlands,8.41,67622.0,Developed,67701.5,1.3100000000000005,3.937903473716564,11.121688652872695,1.2308661344917482
1990-07-01,Netherlands,8.39,68449.0,Developed,68301.625,1.0900000000000007,4.360487276829961,11.13384422140608,1.7143522336489525
1990-10-01,Netherlands,8.82,69067.0,Developed,68811.625,0.4800000000000004,3.9555080600249815,11.142832326942536,1.9052157647408308
1991-01-01,Netherlands,9.15,69155.0,Developed,69212.875,0.3000000000000007,3.244155146158678,11.144105641058808,1.3494406423141925
1991-04-01,Netherlands,9.09,69529.0,Developed,69552.25,0.6799999999999997,2.8200881369968345,11.149499210708608,1.2300575587580909
1991-07-01,Netherlands,9.2,69752.0,Developed,69964.125,0.8099999999999987,1.9036070651141657,11.15270137310765,0.9145828322608907
1991-10-01,Netherlands,9.39,70479.0,Developed,70348.375,0.5700000000000003,2.04439167764634,11.163070072087157,1.3367246565879398
1992-01-01,Netherlands,9.51,71038.0,Developed,70640.75,0.35999999999999943,2.7228689176487686,11.17097022411659,1.5303168750584462
1992-04-01,Netherlands,9.46,70720.0,Developed,70847.875,0.370000000000001,1.712954306836001,11.166483697311525,0.500053042693871
1992-07-01,Netherlands,9.53,70900.0,Developed,70912.625,0.33000000000000007,1.6458309439155938,11.169025712520218,0.1830055397375574
1992-10-01,Netherlands,8.66,70988.0,Developed,71000.125,-0.7300000000000004,0.7222009392868767,11.170266127654456,-0.2586020803665434
1993-01-01,Netherlands,7.84,71047.0,Developed,71215.75,-1.67,0.01266927559897546,11.171096908847732,-0.7404498204659049
1993-04-01,Netherlands,7.03,71411.0,Developed,71443.25,-2.4300000000000006,0.9770927601809865,11.176207198086052,-0.7983384718562192
1993-07-01,Netherlands,6.34,71934.0,Developed,71708.875,-3.1899999999999995,1.4583921015514756,11.183504310935708,-0.6457886866671814
1993-10-01,Netherlands,5.86,71774.0,Developed,72106.875,-2.8,1.107229390882969,11.181277572464483,-1.4576212053340143
1994-01-01,Netherlands,5.22,72386.0,Developed,72561.375,-2.62,1.8846678958998941,11.18976818950964,-1.2130649734150012
1994-04-01,Netherlands,5.1,73256.0,Developed,73090.75,-1.9300000000000006,2.583635574351284,11.201715434787568,-0.6406313353037874
1994-07-01,Netherlands,4.93,73725.0,Developed,73672.5,-1.4100000000000001,2.4897823004420783,11.208097233683477,-0.6442082029019858
1994-10-01,Netherlands,5.24,74218.0,Developed,74183.875,-0.6200000000000001,3.405132777886144,11.214761987336935,-0.6402355180915364
1995-01-01,Netherlands,5.08,74596.0,Developed,74696.125,-0.13999999999999968,3.053076561766077,11.219842165451336,-0.8163437362451731
1995-04-01,Netherlands,4.43,75137.0,Developed,75265.875,-0.6699999999999999,2.5677077645517077,11.227068392858465,-0.7999476526972416
1995-07-01,Netherlands,4.0,75942.0,Developed,75870.625,-0.9299999999999997,3.007121057985751,11.237725170020504,-0.46256428490707435
1995-10-01,Netherlands,3.76,76559.0,Developed,76473.875,-1.4800000000000004,3.1542213479209824,11.245816964390539,-0.40321398396070407
1996-01-01,Netherlands,3.15,77093.0,Developed,77054.25,-1.9300000000000002,3.347364469944769,11.252767764249366,-0.4786759154949749
1996-04-01,Netherlands,2.82,77466.0,Developed,77598.625,-1.6099999999999999,3.0996712671520044,11.257594409402774,-0.7861920839083325
1996-07-01,Netherlands,2.95,78256.0,Developed,78141.0,-1.0499999999999998,3.047062231703146,11.26774078277914,-0.5800010088925944
1996-10-01,Netherlands,2.97,78600.0,Developed,78793.625,-0.7899999999999996,2.665917788894845,11.272126978417297,-0.9662287290424842
1997-01-01,Netherlands,3.06,79391.0,Developed,79549.5,-0.08999999999999986,2.980815378828172,11.282140290684671,-0.8039187494622624
1997-04-01,Netherlands,3.17,80389.0,Developed,80391.25,0.3500000000000001,3.7732682725324596,11.294632629886507,-0.4050490885180835
1997-07-01,Netherlands,3.34,81380.0,Developed,81343.0,0.3899999999999997,3.992026170517282,11.30688482155568,-0.03820379259504847
1997-10-01,Netherlands,3.65,82210.0,Developed,82301.125,0.6799999999999997,4.592875318066159,11.317032228146179,0.11373993971375285
1998-01-01,Netherlands,3.42,83395.0,Developed,83166.0,0.3599999999999999,5.043392827902404,11.331343634511274,0.6812710271137945
1998-04-01,Netherlands,3.54,84050.0,Developed,83966.125,0.3700000000000001,4.554105661222296,11.339167138836762,0.6027386341012075
1998-07-01,Netherlands,3.39,84638.0,Developed,84693.125,0.050000000000000266,4.003440648808065,11.346138617323343,0.4448439322695563
1998-10-01,Netherlands,3.32,85353.0,Developed,85384.625,-0.33000000000000007,3.8231358715484776,11.354550876989748,0.4396044633697471
1999-01-01,Netherlands,3.05,86068.0,Developed,86155.0,-0.3700000000000001,3.2052281311829356,11.362892960473342,0.43838330355718824
1999-04-01,Netherlands,2.59,86909.0,Developed,87028.0,-0.9500000000000002,3.401546698393809,11.372616873209516,0.5885650560015776
1999-07-01,Netherlands,2.66,87942.0,Developed,87951.0,-0.73,3.903683924478374,11.384432785255356,0.9630767964761588
1999-10-01,Netherlands,3.39,89033.0,Developed,88834.125,0.07000000000000028,4.311506332524928,11.396762366506797,1.4056277314789867
2000-01-01,Netherlands,3.51,89772.0,Developed,89601.625,0.45999999999999996,4.3035739182971655,11.405028401660406,1.4594366245731294
2000-04-01,Netherlands,4.25,90270.0,Developed,90235.5,1.6600000000000001,3.8672634594806077,11.410560458292201,1.2575220099343198
2000-07-01,Netherlands,4.7,90721.0,Developed,90723.375,2.04,3.1600372973095814,11.415544141828516,1.017594058880178
2000-10-01,Netherlands,4.99,91325.0,Developed,91098.5,1.6,2.574326373367186,11.422179851663483,0.9580563882515492
2001-01-01,Netherlands,4.7,91383.0,Developed,91384.125,1.1900000000000004,1.7945461836652798,11.422814744519277,0.31135235140684614
2001-04-01,Netherlands,4.55,91660.0,Developed,91518.625,0.2999999999999998,1.5398249695358412,11.425841358063115,-0.08613538903361473
2001-07-01,Netherlands,4.24,91616.0,Developed,91553.125,-0.45999999999999996,0.9865411536468915,11.425361207897842,-0.8273209721055608
2001-10-01,Netherlands,3.41,91506.0,Developed,,-1.58,0.19819326580892138,11.424159822884238,-1.6366633764327787
2002-01-01,Netherlands,3.32,91478.0,Developed,,-1.3800000000000003,0.10395806659881934,11.423853785195496,-2.354999173790162
2002-04-01,Netherlands,,,Developed,,,,,
1980-01-01,New Zealand,15.73,,Developed,,,,,
1980-04-01,New Zealand,14.14,,Developed,,,,,
1980-07-01,New Zealand,13.5,,Developed,,,,,
1980-10-01,New Zealand,14.1,,Developed,,,,,
1981-01-01,New Zealand,14.72,,Developed,,-1.0099999999999998,,,
1981-04-01,New Zealand,14.49,,Developed,,0.34999999999999964,,,
1981-07-01,New Zealand,15.65,,Developed,,2.1500000000000004,,,
1981-10-01,New Zealand,16.17,,Developed,,2.070000000000002,,,
1982-01-01,New Zealand,17.16,,Developed,,2.4399999999999995,,,
1982-04-01,New Zealand,17.09,16510.02101,Developed,,2.5999999999999996,,9.711722809475448,-3.2350353555861133
1982-07-01,New Zealand,16.79,17558.54915,Developed,,1.1399999999999988,,9.773296241338329,2.040235932992829
1982-10-01,New Zealand,16.99,17048.25113,Developed,17041.268106249998,0.8199999999999967,,9.743802904430163,-1.7891477584358384
1983-01-01,New Zealand,14.63,16641.08703,Developed,17146.2820675,-2.5299999999999994,,9.719630038563643,-5.083715698963154
1983-04-01,New Zealand,14.82,17324.34922,Developed,17232.226997499998,-2.2699999999999996,4.932326915312624,9.759868260293432,-1.9325412661345354
1983-07-01,New Zealand,11.38,17584.33263,Developed,17624.216450000004,-5.409999999999998,0.1468428842254399,9.774763593093239,-1.3059798232783137
1983-10-01,New Zealand,11.51,17710.02709,Developed,18082.41035625,-5.479999999999999,3.881782095733355,9.781886260419977,-1.4407588971113938
1984-01-01,New Zealand,13.54,19115.22669,Developed,18363.2085575,-1.0900000000000016,14.867656515104466,9.858240505333015,5.3706121832851395
1984-04-01,New Zealand,14.78,18515.76081,Developed,18657.16707625,-0.040000000000000924,6.877092898962012,9.826377584050872,1.3912258790554688
1984-07-01,New Zealand,15.55,18639.30665,Developed,18841.94867625,4.17,5.999511281992831,9.833027890659348,1.2987318054575425
1984-10-01,New Zealand,16.21,19006.72122,Developed,18939.03959,4.700000000000001,7.321807716105533,9.85254794401541,2.53252253869114
1985-01-01,New Zealand,21.35,19296.78536,Developed,19037.4733925,7.810000000000002,0.949811754495089,9.867693799362012,3.371132586175918
1985-04-01,New Zealand,23.35,19110.92945,Developed,19087.4288825,8.570000000000002,3.2143893308373306,9.858015672890938,1.770929723627468
1985-07-01,New Zealand,25.78,18831.60843,Developed,18972.208960000004,10.23,1.031700285911663,9.843292036484394,-0.2909996620619637
1985-10-01,New Zealand,22.74,19214.06336,Developed,18892.03845375,6.529999999999998,1.0908885209607977,9.86339775655975,1.1709634384375889
1986-01-01,New Zealand,22.72,18167.68384,Developed,19156.05053375,1.3699999999999974,-5.851241535496876,9.807399681608437,-4.938181883348847
1986-04-01,New Zealand,18.21,19598.66692,Developed,19319.21161125,-5.140000000000001,2.5521389280205753,9.883216828619817,2.171048461748093
1986-07-01,New Zealand,16.32,20455.9676,Developed,19374.13579375,-9.46,8.625705956227758,9.9260299330824,6.01739677648947
1986-10-01,New Zealand,19.05,18894.99281,Developed,19447.86043,-3.6899999999999977,-1.6606094401887095,9.846652235259569,-2.3185010641642023
1987-01-01,New Zealand,24.93,18926.14785,Developed,19304.656114999998,2.210000000000001,4.174797495815508,9.848299729042314,-2.519494695476787
1987-04-01,New Zealand,22.69,19430.0,Developed,19288.536063749998,4.48,-0.8606040435733875,9.874573542371486,-0.22847128456149335
1987-07-01,New Zealand,18.55,19479.0,Developed,19507.26848125,2.2300000000000004,-4.775953986160985,9.877092241176596,-0.28499951548166536
1987-10-01,New Zealand,18.26,19743.0,Developed,19666.5,-0.7899999999999991,4.487999537905085,9.89055427712423,0.7794832959595155
1988-01-01,New Zealand,16.57,19828.0,Developed,19769.5,-8.36,4.765112040483177,9.894850359140465,0.952943684605323
1988-04-01,New Zealand,15.99,19802.0,Developed,19864.25,-6.700000000000001,1.914565105506938,9.89353822168246,0.5895635613461181
1988-07-01,New Zealand,14.64,19931.0,Developed,19940.5,-3.91,2.3204476615842795,9.900031587562738,1.0285280828057353
1988-10-01,New Zealand,14.37,20049.0,Developed,20042.25,-3.8900000000000023,1.5499164260750709,9.90593455617918,1.4276915869185558
1989-01-01,New Zealand,13.51,20132.0,Developed,20067.75,-3.0600000000000005,1.5331853943917784,9.91006586789625,1.6657296782256026
1989-04-01,New Zealand,13.45,20312.0,Developed,20024.5,-2.540000000000001,2.575497424502582,9.918967123384514,2.3927116846357066
1989-07-01,New Zealand,13.27,19625.0,Developed,20020.5,-1.370000000000001,-1.5352967738698542,9.884559542650608,-1.2043722133840973
1989-10-01,New Zealand,13.93,20009.0,Developed,19985.5,-0.4399999999999995,-0.19951119756596025,9.903937451316493,0.5772832813621065
1990-01-01,New Zealand,13.81,20140.0,Developed,20001.875,0.3000000000000007,0.03973773097556421,9.910463166272553,1.0680353255459352
1990-04-01,New Zealand,13.63,20024.0,Developed,20092.25,0.1800000000000015,-1.4178810555336763,9.90468683311161,0.3166631440313594
1990-07-01,New Zealand,14.29,20044.0,Developed,20082.5,1.0199999999999996,2.1350318471337504,9.905685136079615,0.22393230491655203
1990-10-01,New Zealand,13.85,20313.0,Developed,19985.125,-0.08000000000000007,1.5193163076615557,9.919016354153754,1.3385699349587554
1991-01-01,New Zealand,12.09,19758.0,Developed,19903.625,-1.7200000000000006,-1.8967229394240337,9.89131375160442,-1.6833382674560582
1991-04-01,New Zealand,10.43,19627.0,Developed,19812.25,-3.200000000000001,-1.9826208549740265,9.88466144828608,-2.6414576517430177
1991-07-01,New Zealand,9.33,19789.0,Developed,19777.125,-4.959999999999999,-1.2722011574536007,9.892881506748903,-2.1606072113296904
1991-10-01,New Zealand,8.02,19837.0,Developed,19854.625,-5.83,-2.3433269334908635,9.89530415972811,-2.3131380101069965
1992-01-01,New Zealand,7.42,19953.0,Developed,19907.875,-4.67,0.9869419981779481,9.90113478695253,-2.182536033096305
1992-04-01,New Zealand,6.89,20052.0,Developed,19912.625,-3.54,2.1653844194222227,9.906084178383393,-2.2003005308233625
1992-07-01,New Zealand,6.19,19790.0,Developed,19957.5,-3.1399999999999997,0.0050533124463125745,9.892932038596612,-4.089675207324461
1992-10-01,New Zealand,6.42,19874.0,Developed,20063.875,-1.5999999999999996,0.18652013913393883,9.897167623791308,-4.301573416483073
1993-01-01,New Zealand,7.55,20275.0,Developed,20294.75,0.1299999999999999,1.613792412168591,9.917143878983614,-2.9979835834774704
1993-04-01,New Zealand,6.72,20581.0,Developed,20654.0,-0.16999999999999993,2.638140833832048,9.93212359907246,-2.247220661820748
1993-07-01,New Zealand,5.54,21108.0,Developed,21047.75,-0.6500000000000004,6.659929257200603,9.957407394525559,-0.5119443084081965
1993-10-01,New Zealand,5.52,21430.0,Developed,21426.75,-0.9000000000000004,7.829324745899169,9.972547088467623,0.17171159847872985
1994-01-01,New Zealand,4.91,21869.0,Developed,21739.5,-2.6399999999999997,7.861898890258945,9.992825387888324,1.3410215322473107
1994-04-01,New Zealand,6.15,22019.0,Developed,21998.0,-0.5699999999999994,6.987026869442681,9.999660995984785,1.1467522673013875
1994-07-01,New Zealand,7.2,22172.0,Developed,22231.375,1.6600000000000001,5.040742846314195,10.006585510539695,0.9501218981444737
1994-10-01,New Zealand,8.65,22434.0,Developed,22461.125,3.130000000000001,4.685020998600087,10.018332944205168,1.2318732860562065
1995-01-01,New Zealand,9.36,22732.0,Developed,22700.625,4.449999999999999,3.9462252503543738,10.031528902417012,1.6613147444992649
1995-04-01,New Zealand,9.12,22994.0,Developed,22907.875,2.969999999999999,4.427994005177349,10.042988591313685,1.925944736397156
1995-07-01,New Zealand,9.03,23113.0,Developed,23084.75,1.8299999999999992,4.244091647122494,10.04815050877669,1.5745525772635105
1995-10-01,New Zealand,8.53,23151.0,Developed,23248.125,-0.120000000000001,3.1960417223856563,10.049793255125712,0.8887341109703684
1996-01-01,New Zealand,8.66,23430.0,Developed,23424.375,-0.6999999999999993,3.0705613232447693,10.061772531501841,1.2568111681691363
1996-04-01,New Zealand,9.69,23603.0,Developed,23637.25,0.5700000000000003,2.648517004435935,10.069129101578879,1.1850563739628228
1996-07-01,New Zealand,9.96,23914.0,Developed,23815.25,0.9300000000000015,3.4655821399212527,10.082219340479526,1.7105179913640356
1996-10-01,New Zealand,8.89,24053.0,Developed,24013.75,0.3600000000000012,3.8961599930888546,10.088015007879244,1.5310420784278023
1997-01-01,New Zealand,7.53,23952.0,Developed,24256.75,-1.13,2.2279129321382873,10.08380710665941,0.3753299400562682
1997-04-01,New Zealand,7.16,24669.0,Developed,24423.625,-2.5299999999999994,4.516375037071563,10.113302673639005,2.612729373612588
1997-07-01,New Zealand,8.06,24792.0,Developed,24511.625,-1.9000000000000004,3.6714895040562023,10.118276299467585,2.419108978305573
1997-10-01,New Zealand,7.89,24510.0,Developed,24474.375,-1.0000000000000009,1.899970897601122,10.106836476522158,0.6020945702303493
1998-01-01,New Zealand,8.95,24199.0,Developed,24340.875,1.419999999999999,1.0312291249165106,10.094066588976938,-1.3347107979083006
1998-04-01,New Zealand,9.1,24124.0,Developed,24288.125,1.9399999999999995,-2.2092504763062903,10.090962474570878,-2.296835026038302
1998-07-01,New Zealand,6.78,24269.0,Developed,24387.0,-1.2800000000000002,-2.1095514682155536,10.096955094740336,-2.3454594500989856
1998-10-01,New Zealand,4.58,24611.0,Developed,24593.0,-3.3099999999999996,0.41207670338636593,10.11094877644823,-1.5929933314820843
1999-01-01,New Zealand,4.45,24889.0,Developed,24867.75,-4.499999999999999,2.8513574941113173,10.122181217776706,-1.117042907501542
1999-04-01,New Zealand,4.69,25082.0,Developed,25168.0,-4.409999999999999,3.9711490631735957,10.129905736383995,-0.9926568370291378
1999-07-01,New Zealand,4.81,25509.0,Developed,25481.75,-1.9700000000000006,5.109398821541888,10.146786610053903,0.04691038543800374
1999-10-01,New Zealand,5.37,25773.0,Developed,25774.75,0.79,4.721466011133235,10.157082711306167,0.4284841495184821
2000-01-01,New Zealand,5.95,26237.0,Developed,25991.25,1.5,5.416047249789058,10.174925907253643,1.5661599851526375
2000-04-01,New Zealand,6.71,26078.0,Developed,26148.125,2.0199999999999996,3.9709752013395994,10.168847325983418,0.31369171711013166
2000-07-01,New Zealand,6.74,26245.0,Developed,26208.5,1.9300000000000006,2.8852561840919,10.1752307736864,0.3091221305517422
2000-10-01,New Zealand,6.67,26292.0,Developed,26278.875,1.2999999999999998,2.013735304388309,10.177019989383467,-0.15370876368834274
2001-01-01,New Zealand,6.42,26201.0,Developed,26430.25,0.46999999999999975,-0.13721080916263562,10.173552856959743,-1.1417396696836946
2001-04-01,New Zealand,5.86,26677.0,Developed,26599.625,-0.8499999999999996,2.2969552879822164,10.191557049929173,0.017165739352265064
2001-07-01,New Zealand,5.73,26857.0,Developed,,-1.0099999999999998,2.331872737664309,10.19828177359369,0.048010556297484186
2001-10-01,New Zealand,4.96,27035.0,Developed,,-1.71,2.825954663015362,10.204887601816106,0.06692400153163192
2002-01-01,New Zealand,,,Developed,,,,,
2002-04-01,New Zealand,,,Developed,,,,,
1980-01-01,Philippines,,,Emerging,,,,,
1980-04-01,Philippines,,,Emerging,,,,,
1980-07-01,Philippines,,,Emerging,,,,,
1980-10-01,Philippines,,,Emerging,,,,,
1981-01-01,Philippines,,,Emerging,,,,,
1981-04-01,Philippines,,,Emerging,,,,,
1981-07-01,Philippines,,,Emerging,,,,,
1981-10-01,Philippines,,,Emerging,,,,,
1982-01-01,Philippines,,,Emerging,,,,,
1982-04-01,Philippines,,,Emerging,,,,,
1982-07-01,Philippines,,164.074,Emerging,164.074,,,5.100317545567481,1.2343441280554757
1982-10-01,Philippines,,165.960125,Emerging,165.960125,,,5.111747548657924,3.0618884770638566
1983-01-01,Philippines,,167.4755,Emerging,167.4755,,,5.120837071910102,4.654613377165795
1983-04-01,Philippines,,167.120625,Emerging,167.120625,,,5.1187158570689855,5.122807857480183
1983-07-01,Philippines,,165.514375,Emerging,165.514375,,0.8778813218425663,5.109058049051222,4.828292130933054
1983-10-01,Philippines,,163.20899999999997,Emerging,163.20899999999997,,-1.6577024149626474,5.095031588068287,4.079064185022396
1984-01-01,Philippines,,159.70337500000002,Emerging,159.70337500000002,,-4.640753423635092,5.073318188372738,2.5314817287725333
1984-04-01,Philippines,,155.91437499999998,Emerging,155.91437499999998,,-6.705485932690836,5.049306978355625,0.7100944699415912
1984-07-01,Philippines,,152.05825000000002,Emerging,152.05825000000002,,-8.129882978442193,5.024263671119046,-1.2744715886876534
1984-10-01,Philippines,,147.854375,Emerging,147.854375,,-9.407952380077067,4.996227836662175,-3.634648563669085
1985-01-01,Philippines,,144.885,Emerging,144.885,,-9.278686189318186,4.975940324299369,-5.311944095295562
1985-04-01,Philippines,,143.454,Emerging,143.454,,-7.991806400147494,4.966014426318852,-6.058349871120772
1985-07-01,Philippines,,142.959,Emerging,142.959,,-5.984055452433534,4.962557875863082,-6.27309352821559
1985-10-01,Philippines,,143.45625,Emerging,143.45625,,-2.9746329792405435,4.966030110666135,-5.916445775819934
1986-01-01,Philippines,,145.21450000000002,Emerging,145.21450000000002,,0.22742174828314088,4.978211959663746,-4.8126175195524645
1986-04-01,Philippines,,147.15974999999997,Emerging,147.15974999999997,,2.5832322556359255,4.991518731403926,-3.7186739251946044
1986-07-01,Philippines,,148.396125,Emerging,148.396125,,3.8032757643799986,4.999885218532522,-3.2367238627947437
1986-10-01,Philippines,,149.62300000000002,Emerging,149.62300000000002,,4.298697338038604,5.008118797038593,-2.879293696876317
1987-01-01,Philippines,,151.490125,Emerging,151.490125,,4.3216242179672015,5.020520441306864,-2.2075269999823455
1987-04-01,Philippines,,153.45075,Emerging,153.45075,,4.274946104488508,5.033379668639333,-1.5819134943678037
1987-07-01,Philippines,,155.305375,Emerging,155.305375,,4.655950416495025,5.045393339987137,-1.120828832998999
1987-10-01,Philippines,,156.842125,Emerging,156.842125,,4.824876522994459,5.055239726171928,-0.9435189858569615
1988-01-01,Philippines,,158.409125,Emerging,158.409125,,4.567294402852973,5.06518108504432,-0.810130702006262
1988-04-01,Philippines,,162.079625,Emerging,162.079625,,5.623221131209855,5.088087726825436,0.5805842059054989
1988-07-01,Philippines,,165.853625,Emerging,165.853625,,6.79194136069019,5.111105622253987,1.957946308678249
1988-10-01,Philippines,,168.15087499999998,Emerging,168.15087499999998,,7.210275938304189,5.1248616418599235,2.3990032911068937
1989-01-01,Philippines,,170.31525,Emerging,170.31525,,7.516060075453357,5.137651131516196,2.746426655843681
1989-04-01,Philippines,,173.126375,Emerging,173.126375,,6.815631514448528,5.154021819148331,3.4666267337412293
1989-07-01,Philippines,,175.92675,Emerging,175.92675,,6.073503066333341,5.170067715223913,4.178925593198546
1989-10-01,Philippines,,177.73262499999998,Emerging,177.73262499999998,,5.698305167903528,5.18028031425716,4.340227065568758
1990-01-01,Philippines,,179.243125,Emerging,179.243125,,5.241970404881546,5.188743124490351,4.3640245265153865
1990-04-01,Philippines,,180.09249999999997,Emerging,180.09249999999997,,4.023722555272102,5.193470607783423,4.054194071551365
1990-07-01,Philippines,,180.143125,Emerging,180.143125,,2.3966650893056274,5.193751673823647,3.339329063594132
1990-10-01,Philippines,,179.83762499999997,Emerging,179.83762499999997,,1.184363309775005,5.19205436043485,2.463401807921528
1991-01-01,Philippines,,179.151,Emerging,179.151,,-0.05139667142044502,5.188229025649981,1.4065295500592434
1991-04-01,Philippines,,178.93550000000002,Emerging,178.93550000000002,,-0.6424476310784466,5.187025405708898,0.6372277300931373
1991-07-01,Philippines,,179.603125,Emerging,179.603125,,-0.29976164785638915,5.1907495554940075,0.3787645713956067
1991-10-01,Philippines,,180.019125,Emerging,180.019125,,0.10092437553044231,5.193063095246079,-0.010433434155654453
1992-01-01,Philippines,,180.041875,Emerging,180.041875,,0.4972760408817001,5.193189462722869,-0.6159947708417768
1992-04-01,Philippines,,179.92825,Emerging,179.92825,,0.5548088557049802,5.192558160312572,-1.302934939003464
1992-07-01,Philippines,,179.8795,Emerging,179.8795,,0.15388095279522673,5.192287182267778,-1.9670352558097903
1992-10-01,Philippines,,180.57125,Emerging,180.57125,,0.3067035238616844,5.19612543672695,-2.2401713155057124
1993-01-01,Philippines,,181.6885,Emerging,181.6885,,0.9145789000475579,5.202293682259916,-2.305804272165002
1993-04-01,Philippines,,182.898625,Emerging,182.898625,,1.6508663870181683,5.208932037599289,-2.3540591565105906
1993-07-01,Philippines,,184.34037500000002,Emerging,184.34037500000002,,2.479924060273686,5.216783912847924,-2.313290734571094
1993-10-01,Philippines,,186.16975,Emerging,186.16975,,3.100438192680177,5.2266588919242265,-2.1037651038474436
1994-01-01,Philippines,9.62524743548,188.30925,Emerging,188.30925,,3.6440115912674598,5.23808555819529,-1.7724026102624357
1994-04-01,Philippines,11.8438983306,190.506375,Emerging,190.506375,,4.159544665795045,5.249685658573759,-1.4554923919940954
1994-07-01,Philippines,11.6405139141,192.68712500000004,Emerging,192.68712500000004,,4.5279011719489,5.261067759488134,-1.1895338840026248
1994-10-01,Philippines,12.1875462787,194.77812500000002,Emerging,194.77812500000002,,4.623938636647473,5.2718610902417264,-1.0080505510222437
1995-01-01,Philippines,13.5552948629,197.15662500000002,Emerging,197.15662500000002,3.93004742742,4.698322042066461,5.2839984636139725,-0.7134640514964374
1995-04-01,Philippines,12.240496754,199.54762499999998,Emerging,199.54762499999998,0.3965984234000004,4.745904172498161,5.2960529296449135,-0.4435422862139937
1995-07-01,Philippines,10.8440478254,201.793125,Emerging,201.793125,-0.796466088699999,4.725795768658636,5.307243038954629,-0.27105718292794734
1995-10-01,Philippines,11.0802821855,204.6215,Emerging,204.6215,-1.1072640931999995,5.053634744661384,5.321161931085639,0.16895543678208114
1996-01-01,Philippines,9.86687483871,207.693625,Emerging,207.693625,-3.68842002419,5.344481830118553,5.3360640371033625,0.707758314365492
1996-04-01,Philippines,9.51878531746,210.72737500000002,Emerging,210.72737500000002,-2.7217114365399997,5.602547261587332,5.3505652364333915,1.212653430141053
1996-07-01,Philippines,9.08246542969,213.657875,Emerging,213.657875,-1.7615823957100005,5.879660171772438,5.364376020760148,1.6599616413640383
1996-10-01,Philippines,8.26549956452,216.46987499999997,Emerging,216.46987499999997,-2.814782620979999,5.79038615199281,5.377451392264376,2.049696946527746
1997-01-01,Philippines,8.184372175,219.16287499999999,Emerging,219.16287499999999,-1.6825026637100002,5.5221964564391435,5.389815174853928,2.387718040810416
1997-04-01,Philippines,8.51771491406,221.81825,Emerging,221.81825,-1.0010704034,5.263139162626573,5.401858352865879,2.7153186017213393
1997-07-01,Philippines,8.56769317969,223.5165,Emerging,223.5165,-0.51477225,4.614210920145134,5.409485236832011,2.6236326024647205
1997-10-01,Philippines,9.66022841129,223.57725000000002,Emerging,223.57725000000002,1.3947288467699988,3.2833090516636743,5.409756991918607,1.8177824055690017
1998-01-01,Philippines,9.46641777049,223.112125,Emerging,223.112125,1.2820455954900005,1.8019703382701202,5.407674447787784,0.7952170527694591
1998-04-01,Philippines,9.42988313492,222.21475,Emerging,222.21475,0.9121682208599999,0.17874994505637787,5.40364425664053,-0.4071682743147953
1998-07-01,Philippines,11.804400004,221.95687499999997,Emerging,221.95687499999997,3.2367068243099997,-0.6977672789257316,5.402483106245235,-1.3119718479826403
1998-10-01,Philippines,11.1610012297,223.348875,Emerging,223.348875,1.5007728184100007,-0.10214590259073342,5.4087350108479,-1.4688048126005881
1999-01-01,Philippines,9.74574471665,225.34875,Emerging,225.34875,0.2793269461599994,1.0024668090091504,5.41764920219427,-1.355936580155781
1999-04-01,Philippines,8.85501783492215,227.858625,Emerging,227.858625,-0.5748652999978514,2.539829151755213,5.4287253708446706,-1.0256726781697978
1999-07-01,Philippines,8.56741425,230.215625,Emerging,230.215625,-3.236985753999999,3.7208804638288573,5.439016369744536,-0.7741549352903832
1999-10-01,Philippines,8.45959763978,232.33350000000002,Emerging,232.33350000000002,-2.70140358992,4.022686480959448,5.448173839452272,-0.637005373444044
2000-01-01,Philippines,8.99837061905,234.888625,Emerging,234.888625,-0.7473740975999998,4.233382701257504,5.459111465630702,-0.3231576572812145
2000-04-01,Philippines,10.7510449206,237.40800000000002,Emerging,237.40800000000002,1.8960270856778507,4.190921015168958,5.469780180007115,-0.037422716647128595
2000-07-01,Philippines,11.4771803175,239.58637499999998,Emerging,239.58637499999998,2.9097660674999997,4.070423108770305,5.4789139990150355,0.093898962772343
2000-10-01,Philippines,12.6100736022,241.48262499999998,Emerging,241.48262499999998,4.15047596242,3.9379275911566536,5.486797524334605,0.09958880915093005
2001-01-01,Philippines,10.9355110215,243.37512499999997,Emerging,243.37512499999997,1.9371404024499999,3.612988921877336,5.494603977302915,0.09723152950540381
2001-04-01,Philippines,9.28446984127,245.598,Emerging,245.598,-1.4665750793299992,3.4497573797007686,5.503696052917355,0.22329695387677262
2001-07-01,Philippines,9.1088657377,,Emerging,,-2.3683145798,,,
2001-10-01,Philippines,7.77558037634,,Emerging,,-4.83449322586,,,
2002-01-01,Philippines,6.08218716667,,Emerging,,-4.85332385483,,,
2002-04-01,Philippines,5.43130697917,,Emerging,,-3.8531628621000005,,,
